Ration_Card_Number,Family_Member,Aadhaar_Number,Mobile_Number,Address
3.24E+11,Meganathan,1.00E+02,8072593510,"453, Bains Circle, Satara-111048"
3.24E+11,Mohana priya ,2.71E+11,9003223048,"453, Bains Circle, Satara-111048"
4.00E+09,Malar,1.06E+02,90479 37507,"453, Bains Circle, Satara-111048"
4.00E+09,Mohana Priya,5.70E+11,90032 23048,"453, Bains Circle, Satara-111048"
4.00E+09,Meganathan,6.90E+11,8072593510,"59, Chaudry, Amaravati 024175"
4.00E+09,Hemanath,5.53E+11,9941519588,"59, Chaudry, Amaravati 024175"
4.00E+09,Prakash S,4.22E+11,9003218977,"59, Chaudry, Amaravati 024175"
9.00E+10,Mohana priya ,1.26E+02,9003223048,"59, Chaudry, Amaravati 024175"
9.00E+10,Meganathan,4.07E+11,8072593510,"59, Chaudry, Amaravati 024175"
9.00E+10,Hemanath,5.91E+11,8838088064,"H.No. 590, Sahota Ganj, Kakinada-692138"
9.00E+10,Prakash S,4.25E+11,9003218977,"H.No. 590, Sahota Ganj, Kakinada-692138"
3.34E+11,Ganesh Shankar,1.23E+04,9617966098,"H.No. 590, Sahota Ganj, Kakinada-692138"
3.34E+11,Anurag Joshi,8.36E+11,9119148314,"H.No. 590, Sahota Ganj, Kakinada-692138"
3.34E+11,Ramesh Pratap,7.86E+11,9579485171,"H.No. 590, Sahota Ganj, Kakinada-692138"
3.33E+11,Namrata Joshi,6.52E+11,9154210321,"16/339, Kumer Chowk, Erode-621356"
3.33E+11,Pankaj Dubey,9.81E+11,9544955384,"16/339, Kumer Chowk, Erode-621356"
3.33E+11,Dinesh Pillai,5.97E+11,9159459490,"16/339, Kumer Chowk, Erode-621356"
3.33E+11,Dinesh Pillai,1.68E+11,9709552193,"16/339, Kumer Chowk, Erode-621356"
3.34E+11,Hemant Rajput,2.98E+11,9771305594,"H.No. 378, Chaudhari, Shahjahanpur 963516"
3.34E+11,Harshita Saxena,2.17E+11,9950841562,"H.No. 378, Chaudhari, Shahjahanpur 963516"
3.34E+11,Preethi Nair,5.96E+11,9333106135,"H.No. 378, Chaudhari, Shahjahanpur 963516"
3.34E+11,Shubham Chauhan,6.83E+11,9392856786,"H.No. 378, Chaudhari, Shahjahanpur 963516"
3.34E+11,Akash Malhotra,2.67E+11,9969037166,"H.No. 378, Chaudhari, Shahjahanpur 963516"
3.34E+11,Raghav Tandon,5.89E+11,9399342533,"65, Sankar Nagar, Suryapet-292912"
3.34E+11,Vineet Kumar,2.62E+11,9625475796,"65, Sankar Nagar, Suryapet-292912"
3.34E+11,Ritika Sharma,3.04E+11,9847554345,"65, Sankar Nagar, Suryapet-292912"
3.34E+11,Preethi Nair,2.33E+11,9256710392,"65, Sankar Nagar, Suryapet-292912"
3.34E+11,Harini Ravi,4.22E+11,9386643509,"H.No. 856, Sama Zila, Sikar 411810"
3.34E+11,Namrata Joshi,5.85E+11,9231755752,"H.No. 856, Sama Zila, Sikar 411810"
3.34E+11,Ritu Choudhary,3.77E+11,9368243971,"H.No. 856, Sama Zila, Sikar 411810"
3.31E+02,Sharvani Nair,9.34E+11,9660878147,"H.No. 856, Sama Zila, Sikar 411810"
3.31E+02,Akhil Yadav,7.50E+11,9834073600,"H.No. 856, Sama Zila, Sikar 411810"
3.31E+02,Swati Saxena,2.16E+11,9119910524,"H.No. 706, Virk Circle, Faridabad-753312"
3.31E+02,Vivek Ranjan,3.29E+11,9971337172,"H.No. 706, Virk Circle, Faridabad-753312"
3.31E+02,Deepak Tiwari,2.37E+11,9475971911,"H.No. 706, Virk Circle, Faridabad-753312"
3.31E+02,Juhi Saxena,8.81E+11,9581644770,"H.No. 706, Virk Circle, Faridabad-753312"
3.34E+11,Chirag Desai,7.29E+11,9569513332,"49/88, Chokshi Zila, Guntur-090931"
3.34E+11,Pratyush Ranjan,3.97E+11,9438725786,"49/88, Chokshi Zila, Guntur-090931"
3.34E+11,Dinesh Pillai,5.97E+11,9159459490,"49/88, Chokshi Zila, Guntur-090931"
3.34E+11,Vidya Nambiar,2.74E+11,9570717315,"49/88, Chokshi Zila, Guntur-090931"
3.33E+11,Kamal Kishore,4.92E+11,9316809544,"09/416, Garde Circle, Udupi 831123"
3.33E+11,Pratyush Ranjan,6.73E+11,9522016386,"09/416, Garde Circle, Udupi 831123"
3.33E+11,Komal Agrawal,6.21E+11,9274974007,"09/416, Garde Circle, Udupi 831123"
3.33E+11,Devanshi Mehta,5.53E+11,9228416307,"09/416, Garde Circle, Udupi 831123"
3.33E+11,Kamal Kishore,4.92E+11,9316809544,"09/416, Garde Circle, Udupi 831123"
3.34E+11,Ravi Chandra,7.41E+11,9177758117,"H.No. 991, Tailor Circle, Kirari Suleman Nagar-817567"
3.34E+11,Kiran Joshi,2.48E+11,9512226039,"H.No. 991, Tailor Circle, Kirari Suleman Nagar-817567"
3.34E+11,Ramesh Choudhary,7.13E+11,9138599290,"H.No. 991, Tailor Circle, Kirari Suleman Nagar-817567"
3.34E+11,Gaurav Tiwari,6.25E+11,9578701723,"H.No. 991, Tailor Circle, Kirari Suleman Nagar-817567"
3.34E+11,Siddhant Iyer,7.89E+11,9125613743,"H.No. 420, Chowdhury Marg, Meerut 989012"
3.34E+11,Vaishnavi Desai,8.91E+11,9627171098,"H.No. 420, Chowdhury Marg, Meerut 989012"
3.34E+11,Vikram Malhotra,9.95E+11,9955949144,"H.No. 420, Chowdhury Marg, Meerut 989012"
3.34E+11,Sujata Menon,4.25E+11,9718274870,"H.No. 420, Chowdhury Marg, Meerut 989012"
3.33E+11,Anand Iyer,4.75E+11,9534169146,"H.No. 12, Ratta Ganj, Tadepalligudem-929086"
3.33E+11,Geetha Krishnan,2.05E+11,9548712971,"H.No. 12, Ratta Ganj, Tadepalligudem-929086"
3.33E+11,Anurag Joshi,1.14E+11,9628624303,"H.No. 12, Ratta Ganj, Tadepalligudem-929086"
3.33E+11,Rajiv Bhardwaj,8.83E+11,9189188102,"H.No. 12, Ratta Ganj, Tadepalligudem-929086"
3.33E+11,Sagar Desai,2.27E+11,9885373621,"H.No. 12, Ratta Ganj, Tadepalligudem-929086"
3.34E+11,Vikash Anand,2.19E+11,9793195063,"H.No. 39, Mutti Zila, Jaunpur-994362"
3.34E+11,Gaurav Tiwari,4.84E+11,9895778872,"H.No. 39, Mutti Zila, Jaunpur-994362"
3.34E+11,Juhi Saxena,8.81E+11,9581644770,"H.No. 39, Mutti Zila, Jaunpur-994362"
3.34E+11,Vineet Kumar,2.62E+11,9625475796,"H.No. 39, Mutti Zila, Jaunpur-994362"
3.34E+11,Hemant Rajput,6.75E+11,9501913906,"37/686, Mand Street, Tirunelveli 505500"
3.34E+11,Kavitha Krishnan,9.09E+11,9205164704,"37/686, Mand Street, Tirunelveli 505500"
3.34E+11,Hemant Rajput,2.98E+11,9771305594,"37/686, Mand Street, Tirunelveli 505500"
3.34E+11,Jitendra Pandey,1.91E+11,9682186256,"37/686, Mand Street, Tirunelveli 505500"
3.33E+11,Anurag Joshi,8.82E+11,9346400830,"470, Dora Path, Panvel 061249"
3.33E+11,Meera Iyer,1.79E+11,9677465908,"470, Dora Path, Panvel 061249"
3.33E+11,Dinesh Pillai,5.97E+11,9159459490,"470, Dora Path, Panvel 061249"
3.33E+11,Gaurav Tiwari,4.84E+11,9895778872,"470, Dora Path, Panvel 061249"
3.33E+11,Ramesh Babu,2.74E+11,9815440907,"470, Dora Path, Panvel 061249"
3.34E+11,Ashwin Reddy,7.46E+11,9784451471,"75/012, Padmanabhan Zila, Bhagalpur 084577"
3.34E+11,Bhavna Patel,4.04E+11,9552573521,"75/012, Padmanabhan Zila, Bhagalpur 084577"
3.34E+11,Devendra Malhotra,5.91E+11,9609848164,"75/012, Padmanabhan Zila, Bhagalpur 084577"
3.34E+11,Nirmal Kumar,6.88E+11,9190014837,"75/012, Padmanabhan Zila, Bhagalpur 084577"
3.34E+11,Preethi Nair,5.96E+11,9333106135,"75/012, Padmanabhan Zila, Bhagalpur 084577"
3.34E+11,Vijay Patil,1.23E+11,9618046629,"H.No. 434, Chopra Chowk, Tiruvottiyur-423876"
3.34E+11,Nirmal Kumar,6.54E+11,9343437870,"H.No. 434, Chopra Chowk, Tiruvottiyur-423876"
3.34E+11,Vikram Malhotra,9.95E+11,9955949144,"H.No. 434, Chopra Chowk, Tiruvottiyur-423876"
3.34E+11,Deepak Tiwari,2.37E+11,9475971911,"H.No. 434, Chopra Chowk, Tiruvottiyur-423876"
3.34E+11,Dinesh Pillai,1.68E+11,9709552193,"067, Arora Path, Ramagundam-678589"
3.34E+11,Meera Iyer,1.79E+11,9677465908,"067, Arora Path, Ramagundam-678589"
3.34E+11,Harshita Saxena,2.17E+11,9950841562,"067, Arora Path, Ramagundam-678589"
3.34E+11,Tarun Verma,2.67E+11,9439574357,"067, Arora Path, Ramagundam-678589"
3.34E+11,Meera Iyer,3.76E+11,9210616958,"H.No. 519, Bhat Path, Ambala 591140"
3.34E+11,Ravi Varma,9.74E+11,9686657221,"H.No. 519, Bhat Path, Ambala 591140"
3.34E+11,Ramya Natarajan,7.08E+11,9100126921,"H.No. 519, Bhat Path, Ambala 591140"
3.34E+11,Harsha Narayan,9.75E+11,9437528570,"H.No. 519, Bhat Path, Ambala 591140"
3.34E+11,Swati Saxena,2.16E+11,9119910524,"H.No. 519, Bhat Path, Ambala 591140"
3.33E+11,Rajesh Kumar,3.33E+11,9279449969,"H.No. 80, Cherian Nagar, Bellary 650750"
3.33E+11,Kamal Kishore,5.46E+11,9977273707,"H.No. 80, Cherian Nagar, Bellary 650750"
3.33E+11,Ganesh Shankar,9.13E+11,9348975543,"H.No. 80, Cherian Nagar, Bellary 650750"
3.33E+11,Sneha Kapoor,7.54E+11,9735494753,"H.No. 80, Cherian Nagar, Bellary 650750"
3.33E+11,Priyanka Yadav,8.86E+11,9821757921,"H.No. 80, Cherian Nagar, Bellary 650750"
3.34E+11,Harshita Saxena,5.80E+11,9464446700,"83, Sodhi, Adoni 997257"
3.34E+11,Anand Iyer,4.75E+11,9534169146,"83, Sodhi, Adoni 997257"
3.34E+11,Reema Deshmukh,5.34E+11,9838016393,"83, Sodhi, Adoni 997257"
3.34E+11,Bhavna Patel,4.04E+11,9552573521,"83, Sodhi, Adoni 997257"
3.34E+11,Pankaj Dubey,9.81E+11,9544955384,"05/075, Devi Chowk, Noida 920671"
3.34E+11,Vineet Kumar,2.62E+11,9625475796,"05/075, Devi Chowk, Noida 920671"
3.34E+11,Anand Iyer,4.75E+11,9534169146,"05/075, Devi Chowk, Noida 920671"
3.34E+11,Aditi Sinha,1.61E+11,9716281276,"05/075, Devi Chowk, Noida 920671"
3.34E+11,Priyanka Yadav,8.86E+11,9821757921,"H.No. 674, Jhaveri Path, Pali 243839"
3.34E+11,Harsha Narayan,3.20E+11,9421658510,"H.No. 674, Jhaveri Path, Pali 243839"
3.34E+11,Rajiv Bhardwaj,6.95E+11,9880251213,"H.No. 674, Jhaveri Path, Pali 243839"
3.34E+11,Varun Tandon,9.84E+11,9126183652,"H.No. 674, Jhaveri Path, Pali 243839"
3.34E+11,Ashwin Reddy,4.41E+11,9395761194,"H.No. 674, Jhaveri Path, Pali 243839"
3.33E+11,Alok Mehta,1.42E+11,9422605430,"H.No. 04, Jhaveri Circle, Phagwara 328456"
3.33E+11,Deepa Nair,5.75E+11,9171360491,"H.No. 04, Jhaveri Circle, Phagwara 328456"
3.33E+11,Sharada Iyer,3.66E+11,9615018000,"H.No. 04, Jhaveri Circle, Phagwara 328456"
3.33E+11,Naveen Reddy,2.11E+11,9852868257,"H.No. 04, Jhaveri Circle, Phagwara 328456"
3.33E+11,Nisha Gupta,9.56E+11,9196526446,"H.No. 04, Jhaveri Circle, Phagwara 328456"
3.34E+11,Sagar Desai,2.27E+11,9885373621,"300, Nagar Ganj, Bokaro 602643"
3.34E+11,Tarun Verma,1.85E+11,9140930561,"300, Nagar Ganj, Bokaro 602643"
3.34E+11,Aparna Sinha,6.77E+11,9302938540,"300, Nagar Ganj, Bokaro 602643"
3.34E+11,Raghav Tandon,5.55E+11,9110744983,"300, Nagar Ganj, Bokaro 602643"
3.34E+11,Gaurav Tiwari,6.25E+11,9578701723,"300, Nagar Ganj, Bokaro 602643"
3.33E+11,Priyanka Yadav,9.09E+11,9652651273,"H.No. 761, Sidhu Street, Srinagar 841043"
3.33E+11,Sanjay Gupta,2.93E+11,9545556896,"H.No. 761, Sidhu Street, Srinagar 841043"
3.33E+11,Karthika Menon,3.76E+11,9362097810,"H.No. 761, Sidhu Street, Srinagar 841043"
3.33E+11,Raghav Tandon,5.89E+11,9399342533,"H.No. 761, Sidhu Street, Srinagar 841043"
3.33E+11,Tarun Verma,2.48E+11,9554755078,"H.No. 761, Sidhu Street, Srinagar 841043"
3.33E+11,Devanshi Mehta,5.53E+11,9228416307,"H.No. 67, Gill Ganj, Sri Ganganagar-582528"
3.33E+11,Anjali Bose,4.77E+11,9156095134,"H.No. 67, Gill Ganj, Sri Ganganagar-582528"
3.33E+11,Snehal Pawar,4.48E+11,9449649582,"H.No. 67, Gill Ganj, Sri Ganganagar-582528"
3.33E+11,Nandita Das,7.82E+11,9652959213,"H.No. 67, Gill Ganj, Sri Ganganagar-582528"
3.33E+11,Rahul Prasad,8.86E+11,9507868547,"H.No. 67, Gill Ganj, Sri Ganganagar-582528"
3.33E+11,Sharada Iyer,3.66E+11,9615018000,"145, Dada Marg, Surendranagar Dudhrej-585735"
3.33E+11,Ritu Choudhary,3.77E+11,9368243971,"145, Dada Marg, Surendranagar Dudhrej-585735"
3.33E+11,Gaurav Tiwari,4.84E+11,9895778872,"145, Dada Marg, Surendranagar Dudhrej-585735"
3.33E+11,Akash Malhotra,4.65E+11,9635658456,"145, Dada Marg, Surendranagar Dudhrej-585735"
3.33E+11,Mahima Gupta,2.59E+11,9419634616,"H.No. 850, Samra Zila, Tezpur-675839"
3.33E+11,Siddhant Iyer,9.86E+11,9475093023,"H.No. 850, Samra Zila, Tezpur-675839"
3.33E+11,Nirmal Kumar,6.54E+11,9343437870,"H.No. 850, Samra Zila, Tezpur-675839"
3.33E+11,Ramesh Choudhary,7.13E+11,9138599290,"H.No. 850, Samra Zila, Tezpur-675839"
3.34E+11,Sujata Menon,4.25E+11,9718274870,"87, Raja Path, Sangli-Miraj & Kupwad-970013"
3.34E+11,Surabhi Sharma,8.35E+11,9940857533,"87, Raja Path, Sangli-Miraj & Kupwad-970013"
3.34E+11,Nandini Rao,1.76E+11,9333089686,"87, Raja Path, Sangli-Miraj & Kupwad-970013"
3.34E+11,Vidya Nambiar,2.74E+11,9570717315,"87, Raja Path, Sangli-Miraj & Kupwad-970013"
3.34E+11,Shanvika Reddy,3.59E+11,9698697322,"661, Bath Marg, Suryapet 816885"
3.34E+11,Akash Malhotra,7.31E+11,9799956387,"661, Bath Marg, Suryapet 816885"
3.34E+11,Kamal Kishore,5.46E+11,9977273707,"661, Bath Marg, Suryapet 816885"
3.34E+11,Devanshi Mehta,5.53E+11,9228416307,"661, Bath Marg, Suryapet 816885"
3.34E+11,Priyanka Yadav,8.86E+11,9821757921,"661, Bath Marg, Suryapet 816885"
3.33E+11,Jitendra Pandey,1.87E+11,9418864966,"27, Muni Path, Surat 491859"
3.33E+11,Sujata Menon,4.25E+11,9718274870,"27, Muni Path, Surat 491859"
3.33E+11,Siddharth Kulkarni,9.59E+11,9343192281,"27, Muni Path, Surat 491859"
3.33E+11,Sanjay Gupta,2.93E+11,9545556896,"27, Muni Path, Surat 491859"
3.33E+11,Deepa Nair,5.75E+11,9171360491,"181, Varty, Suryapet 082823"
3.33E+11,Shantanu Sen,1.09E+11,9577856030,"181, Varty, Suryapet 082823"
3.33E+11,Rajiv Bhardwaj,6.95E+11,9880251213,"181, Varty, Suryapet 082823"
3.33E+11,Harsha Narayan,9.75E+11,9437528570,"181, Varty, Suryapet 082823"
3.34E+11,Rajiv Bhardwaj,6.95E+11,9880251213,"06, Sodhi Circle, Varanasi-037591"
3.34E+11,Mahima Gupta,2.59E+11,9419634616,"06, Sodhi Circle, Varanasi-037591"
3.34E+11,Akash Malhotra,4.65E+11,9635658456,"06, Sodhi Circle, Varanasi-037591"
3.34E+11,Venu Gopal,3.48E+11,9683855786,"06, Sodhi Circle, Varanasi-037591"
3.34E+11,Sanjay Gupta,7.96E+11,9935992212,"117, Kothari Zila, Bhiwandi 144091"
3.34E+11,Ravi Varma,9.74E+11,9686657221,"117, Kothari Zila, Bhiwandi 144091"
3.34E+11,Ramya Natarajan,7.08E+11,9100126921,"117, Kothari Zila, Bhiwandi 144091"
3.34E+11,Harsha Narayan,9.75E+11,9437528570,"117, Kothari Zila, Bhiwandi 144091"
3.34E+11,Swati Saxena,2.16E+11,9119910524,"117, Kothari Zila, Bhiwandi 144091"
3.34E+11,Dinesh Pillai,5.97E+11,9159459490,"43, Kadakia Ganj, Kolhapur 360275"
3.34E+11,Sanjay Gupta,7.96E+11,9935992212,"43, Kadakia Ganj, Kolhapur 360275"
3.34E+11,Amitabh Roy,8.04E+11,9691490944,"43, Kadakia Ganj, Kolhapur 360275"
3.34E+11,Rohit Sharma,4.81E+11,9169280427,"43, Kadakia Ganj, Kolhapur 360275"
3.34E+11,Ravi Varma,2.71E+11,9632609500,"H.No. 703, Dhar Chowk, Akola-455205"
3.34E+11,Aditi Sinha,1.61E+11,9716281276,"H.No. 703, Dhar Chowk, Akola-455205"
3.34E+11,Anurag Joshi,1.14E+11,9627370771,"H.No. 703, Dhar Chowk, Akola-455205"
3.34E+11,Namrata Joshi,6.52E+11,9154210321,"H.No. 703, Dhar Chowk, Akola-455205"
3.34E+11,Geetha Krishnan,3.36E+11,9925868472,"951, Kalla Zila, Karaikudi 001709"
3.34E+11,Rahul Nair,5.20E+11,9732090062,"951, Kalla Zila, Karaikudi 001709"
3.34E+11,Sharvani Nair,9.34E+11,9660878147,"951, Kalla Zila, Karaikudi 001709"
3.34E+11,Nirmal Kumar,3.48E+11,9527982585,"951, Kalla Zila, Karaikudi 001709"
3.34E+11,Vaishnavi Desai,9.14E+11,9118794027,"951, Kalla Zila, Karaikudi 001709"
3.34E+11,Snehal Pawar,4.48E+11,9449649582,"H.No. 206, Pall Road, Belgaum-297556"
3.34E+11,Rajiv Bhardwaj,8.83E+11,9189188102,"H.No. 206, Pall Road, Belgaum-297556"
3.34E+11,Hemant Rajput,6.75E+11,9501913906,"H.No. 206, Pall Road, Belgaum-297556"
3.34E+11,Mahima Gupta,8.07E+11,9880015171,"H.No. 206, Pall Road, Belgaum-297556"
3.34E+11,Rahul Prasad,8.86E+11,9507868547,"373, Purohit Path, Buxar 896251"
3.34E+11,Shubham Chauhan,4.07E+11,9548677748,"373, Purohit Path, Buxar 896251"
3.34E+11,Akash Malhotra,2.67E+11,9969037166,"373, Purohit Path, Buxar 896251"
3.34E+11,Ganesh Shankar,9.13E+11,9348975543,"373, Purohit Path, Buxar 896251"
3.33E+11,Tarun Verma,2.48E+11,9554755078,"85/94, Kakar Marg, Ballia 326321"
3.33E+11,Aparna Sinha,6.01E+11,9571214313,"85/94, Kakar Marg, Ballia 326321"
3.33E+11,Ramesh Babu,2.74E+11,9815440907,"85/94, Kakar Marg, Ballia 326321"
3.33E+11,Kavitha Krishnan,9.09E+11,9205164704,"85/94, Kakar Marg, Ballia 326321"
3.33E+11,Sonia Kapoor,2.45E+11,9681200527,"85/94, Kakar Marg, Ballia 326321"
3.34E+11,Abhishek Tyagi,1.37E+11,9379564483,"31, Swaminathan Zila, Dehri-389119"
3.34E+11,Akash Malhotra,4.65E+11,9635658456,"31, Swaminathan Zila, Dehri-389119"
3.34E+11,Snehal Pawar,4.48E+11,9449649582,"31, Swaminathan Zila, Dehri-389119"
3.34E+11,Raghav Tandon,5.55E+11,9110744983,"31, Swaminathan Zila, Dehri-389119"
3.34E+11,Anand Iyer,6.09E+11,9789795445,"52/979, Manne Circle, Ongole-916630"
3.34E+11,Chirag Desai,8.63E+11,9588603258,"52/979, Manne Circle, Ongole-916630"
3.34E+11,Komal Agrawal,6.68E+11,9496395041,"52/979, Manne Circle, Ongole-916630"
3.34E+11,Rahul Prasad,8.86E+11,9507868547,"52/979, Manne Circle, Ongole-916630"
3.34E+11,Rajiv Bhardwaj,8.83E+11,9189188102,"21/87, Edwin Road, Proddatur 930098"
3.34E+11,Anjali Bose,4.77E+11,9156095134,"21/87, Edwin Road, Proddatur 930098"
3.34E+11,Vikram Malhotra,9.95E+11,9955949144,"21/87, Edwin Road, Proddatur 930098"
3.34E+11,Akhil Yadav,5.57E+11,9188251049,"21/87, Edwin Road, Proddatur 930098"
3.34E+11,Ashwin Reddy,4.41E+11,9395761194,"21/87, Edwin Road, Proddatur 930098"
3.34E+11,Akhil Yadav,5.57E+11,9188251049,"55, Devi Ganj, Udaipur-295659"
3.34E+11,Priyanka Yadav,9.09E+11,9652651273,"55, Devi Ganj, Udaipur-295659"
3.34E+11,Vaishnavi Desai,8.91E+11,9627171098,"55, Devi Ganj, Udaipur-295659"
3.34E+11,Ravi Varma,2.71E+11,9632609500,"55, Devi Ganj, Udaipur-295659"
3.34E+11,Soham Gokhale,5.76E+11,9293005830,"44/94, Srinivas Marg, Purnia-794213"
3.34E+11,Sharvani Nair,6.63E+11,9414925410,"44/94, Srinivas Marg, Purnia-794213"
3.34E+11,Satish Shetty,2.15E+11,9640685337,"44/94, Srinivas Marg, Purnia-794213"
3.34E+11,Tarun Verma,1.85E+11,9140930561,"44/94, Srinivas Marg, Purnia-794213"
3.34E+11,Anand Iyer,7.61E+11,9968877835,"41, Pillay, Jaipur 371624"
3.34E+11,Ajay Mahajan,9.63E+11,9865194047,"41, Pillay, Jaipur 371624"
3.34E+11,Rajiv Bhardwaj,8.83E+11,9189188102,"41, Pillay, Jaipur 371624"
3.34E+11,Mansi Shah,9.22E+11,9397140379,"41, Pillay, Jaipur 371624"
3.34E+11,Sharvani Nair,6.63E+11,9414925410,"94/75, Bora Road, Bokaro-154664"
3.34E+11,Ritu Choudhary,3.77E+11,9368243971,"94/75, Bora Road, Bokaro-154664"
3.34E+11,Sanjay Gupta,4.88E+11,9331383104,"94/75, Bora Road, Bokaro-154664"
3.34E+11,Sonia Kapoor,2.45E+11,9681200527,"94/75, Bora Road, Bokaro-154664"
3.34E+11,Akash Malhotra,4.65E+11,9635658456,"91, Balan, Bhubaneswar-807091"
3.34E+11,Ganesh Shankar,9.13E+11,9348975543,"91, Balan, Bhubaneswar-807091"
3.34E+11,Gaurav Tiwari,6.12E+11,9581412021,"91, Balan, Bhubaneswar-807091"
3.34E+11,Ramesh Choudhary,7.13E+11,9138599290,"91, Balan, Bhubaneswar-807091"
3.33E+11,Bhavna Patel,4.04E+11,9552573521,"H.No. 173, Rajan Path, Ludhiana-880263"
3.33E+11,Neha Verma,2.37E+11,9284867401,"H.No. 173, Rajan Path, Ludhiana-880263"
3.33E+11,Sandeep Menon,4.30E+11,9370362902,"H.No. 173, Rajan Path, Ludhiana-880263"
3.33E+11,Nandita Das,7.73E+11,9830879025,"H.No. 173, Rajan Path, Ludhiana-880263"
3.33E+11,Ramya Natarajan,2.87E+11,9113546929,"H.No. 173, Rajan Path, Ludhiana-880263"
3.34E+11,Naveen Reddy,2.11E+11,9852868257,"H.No. 933, Chander Street, Raichur 631131"
3.34E+11,Jitendra Pandey,1.87E+11,9418864966,"H.No. 933, Chander Street, Raichur 631131"
3.34E+11,Rohit Sharma,4.81E+11,9169280427,"H.No. 933, Chander Street, Raichur 631131"
3.34E+11,Vivek Ranjan,3.29E+11,9971337172,"H.No. 933, Chander Street, Raichur 631131"
3.34E+11,Raghav Tandon,5.55E+11,9110744983,"166, Manne, Raiganj-182053"
3.34E+11,Sanjay Gupta,2.93E+11,9545556896,"166, Manne, Raiganj-182053"
3.34E+11,Tarun Verma,1.85E+11,9140930561,"166, Manne, Raiganj-182053"
3.34E+11,Vivek Ranjan,3.29E+11,9971337172,"166, Manne, Raiganj-182053"
3.34E+11,Reema Deshmukh,5.34E+11,9838016393,"H.No. 44, Padmanabhan Zila, Erode-993316"
3.34E+11,Kamal Kishore,4.92E+11,9316809544,"H.No. 44, Padmanabhan Zila, Erode-993316"
3.34E+11,Sandeep Menon,9.17E+11,9665686229,"H.No. 44, Padmanabhan Zila, Erode-993316"
3.34E+11,Asha Bhat,9.58E+11,9385833158,"H.No. 44, Padmanabhan Zila, Erode-993316"
3.34E+11,Aditi Sinha,1.61E+11,9716281276,"H.No. 44, Padmanabhan Zila, Erode-993316"
3.34E+11,Nakul Trivedi,2.85E+11,9109512804,"01/117, Din Chowk, Bidhannagar-600003"
3.34E+11,Komal Agrawal,4.63E+11,9791231344,"01/117, Din Chowk, Bidhannagar-600003"
3.34E+11,Gaurav Tiwari,4.84E+11,9895778872,"01/117, Din Chowk, Bidhannagar-600003"
3.34E+11,Hemant Rajput,6.75E+11,9501913906,"01/117, Din Chowk, Bidhannagar-600003"
3.34E+11,Sharada Iyer,3.66E+11,9615018000,"01/117, Din Chowk, Bidhannagar-600003"
3.33E+11,Avinash Rao,7.30E+11,9260261349,"H.No. 682, Pingle Nagar, Munger-577688"
3.33E+11,Ramesh Babu,2.74E+11,9815440907,"H.No. 682, Pingle Nagar, Munger-577688"
3.33E+11,Sujata Menon,4.25E+11,9718274870,"H.No. 682, Pingle Nagar, Munger-577688"
3.33E+11,Namrata Joshi,2.70E+11,9504512623,"H.No. 682, Pingle Nagar, Munger-577688"
3.33E+11,Sanjay Gupta,2.93E+11,9545556896,"H.No. 682, Pingle Nagar, Munger-577688"
3.33E+11,Sandeep Menon,7.25E+11,9382210093,"765, Lala Circle, Guna-684569"
3.33E+11,Nirmal Kumar,4.20E+11,9731531354,"765, Lala Circle, Guna-684569"
3.33E+11,Soham Gokhale,5.76E+11,9293005830,"765, Lala Circle, Guna-684569"
3.33E+11,Varun Tandon,9.84E+11,9126183652,"765, Lala Circle, Guna-684569"
3.33E+11,Mahima Gupta,2.59E+11,9419634616,"765, Lala Circle, Guna-684569"
3.34E+11,Neha Verma,2.37E+11,9284867401,"H.No. 752, Ahluwalia Road, Tirupati-541357"
3.34E+11,Sunil Chawla,8.20E+11,9779056979,"H.No. 752, Ahluwalia Road, Tirupati-541357"
3.34E+11,Gaurav Tiwari,6.12E+11,9581412021,"H.No. 752, Ahluwalia Road, Tirupati-541357"
3.34E+11,Ashwin Reddy,4.41E+11,9395761194,"H.No. 752, Ahluwalia Road, Tirupati-541357"
3.34E+11,Anand Iyer,7.61E+11,9968877835,"H.No. 752, Ahluwalia Road, Tirupati-541357"
3.34E+11,Gaurav Tiwari,4.84E+11,9895778872,"26, Sura Zila, Munger-940711"
3.34E+11,Siddhant Iyer,9.86E+11,9475093023,"26, Sura Zila, Munger-940711"
3.34E+11,Shubham Chauhan,4.07E+11,9548677748,"26, Sura Zila, Munger-940711"
3.34E+11,Yamini Rao,7.38E+11,9336738358,"26, Sura Zila, Munger-940711"
3.34E+11,Ramya Natarajan,2.87E+11,9113546929,"26, Sura Zila, Munger-940711"
3.34E+11,Venu Gopal,3.48E+11,9683855786,"26/848, Borah Circle, Davanagere-229399"
3.34E+11,Ravi Varma,9.74E+11,9686657221,"26/848, Borah Circle, Davanagere-229399"
3.34E+11,Sanjay Gupta,4.70E+11,9639914662,"26/848, Borah Circle, Davanagere-229399"
3.34E+11,Rahul Prasad,8.86E+11,9507868547,"26/848, Borah Circle, Davanagere-229399"
3.34E+11,Yashwant Reddy,1.67E+11,9240750614,"26/848, Borah Circle, Davanagere-229399"
3.33E+11,Anupam Pandey,6.28E+11,9504868138,"H.No. 03, Iyer Path, Kurnool 712608"
3.33E+11,Alok Mehta,4.58E+11,9163753238,"H.No. 03, Iyer Path, Kurnool 712608"
3.33E+11,Venu Gopal,3.48E+11,9683855786,"H.No. 03, Iyer Path, Kurnool 712608"
3.33E+11,Siddharth Kulkarni,9.59E+11,9343192281,"H.No. 03, Iyer Path, Kurnool 712608"
3.33E+11,Satish Shetty,2.15E+11,9640685337,"H.No. 03, Iyer Path, Kurnool 712608"
3.34E+11,Ganesh Shankar,7.81E+11,9880362408,"78, Joshi Chowk, Bhilwara-033660"
3.34E+11,Shubham Chauhan,6.83E+11,9392856786,"78, Joshi Chowk, Bhilwara-033660"
3.34E+11,Sonia Kapoor,2.45E+11,9681200527,"78, Joshi Chowk, Bhilwara-033660"
3.34E+11,Sneha Kapoor,7.54E+11,9735494753,"78, Joshi Chowk, Bhilwara-033660"
3.34E+11,Ravi Varma,9.74E+11,9686657221,"54, Ahluwalia Marg, Sikar-471430"
3.34E+11,Sharvani Nair,9.34E+11,9660878147,"54, Ahluwalia Marg, Sikar-471430"
3.34E+11,Anand Iyer,2.80E+11,9810976549,"54, Ahluwalia Marg, Sikar-471430"
3.34E+11,Vaishnavi Desai,9.14E+11,9118794027,"54, Ahluwalia Marg, Sikar-471430"
3.34E+11,Shalini Kapoor,1.49E+11,9644464499,"59/006, Kala Nagar, Kolkata 442782"
3.34E+11,Shanvika Reddy,2.84E+11,9321945238,"59/006, Kala Nagar, Kolkata 442782"
3.34E+11,Jitendra Pandey,1.91E+11,9682186256,"59/006, Kala Nagar, Kolkata 442782"
3.34E+11,Harshita Saxena,2.17E+11,9950841562,"59/006, Kala Nagar, Kolkata 442782"
3.33E+11,Mansi Shah,9.22E+11,9397140379,"77/82, Kanda Ganj, South Dumdum-561445"
3.33E+11,Dinesh Pillai,5.97E+11,9159459490,"77/82, Kanda Ganj, South Dumdum-561445"
3.33E+11,Nisha Gupta,9.56E+11,9196526446,"77/82, Kanda Ganj, South Dumdum-561445"
3.33E+11,Harsha Narayan,9.75E+11,9437528570,"77/82, Kanda Ganj, South Dumdum-561445"
3.33E+11,Sunil Chawla,8.20E+11,9779056979,"95/80, Rajan Road, Thiruvananthapuram 937860"
3.33E+11,Akash Malhotra,2.67E+11,9969037166,"95/80, Rajan Road, Thiruvananthapuram 937860"
3.33E+11,Nakul Trivedi,2.85E+11,9109512804,"95/80, Rajan Road, Thiruvananthapuram 937860"
3.33E+11,Siddharth Kulkarni,9.59E+11,9343192281,"95/80, Rajan Road, Thiruvananthapuram 937860"
3.33E+11,Venu Gopal,1.41E+11,9283096805,"95/80, Rajan Road, Thiruvananthapuram 937860"
3.34E+11,Keerthi Shankar,6.52E+11,9365750054,"228, Guha Chowk, Haridwar 348171"
3.34E+11,Naveen Reddy,2.11E+11,9852868257,"228, Guha Chowk, Haridwar 348171"
3.34E+11,Shanvika Reddy,2.84E+11,9321945238,"228, Guha Chowk, Haridwar 348171"
3.34E+11,Ramya Natarajan,2.87E+11,9113546929,"228, Guha Chowk, Haridwar 348171"
3.34E+11,Preethi Nair,2.33E+11,9256710392,"778, Mital Nagar, Karnal 336680"
3.34E+11,Ramya Natarajan,2.87E+11,9113546929,"778, Mital Nagar, Karnal 336680"
3.34E+11,Tarun Verma,2.48E+11,9554755078,"778, Mital Nagar, Karnal 336680"
3.34E+11,Vineet Kumar,7.53E+11,9493987702,"778, Mital Nagar, Karnal 336680"
3.34E+11,Rajesh Kumar,3.33E+11,9279449969,"778, Mital Nagar, Karnal 336680"
3.34E+11,Ganesh Shankar,2.34E+11,9617966098,"65, Chatterjee, Mango-850959"
3.34E+11,Himanshi Gupta,4.78E+11,9353714831,"65, Chatterjee, Mango-850959"
3.34E+11,Ramesh Pratap,7.86E+11,9579485171,"65, Chatterjee, Mango-850959"
3.34E+11,Chirag Desai,7.29E+11,9569513332,"65, Chatterjee, Mango-850959"
3.34E+11,Anurag Joshi,8.82E+11,9346400830,"65, Chatterjee, Mango-850959"
3.34E+11,Aparna Sinha,6.01E+11,9571214313,"63/69, Manda Ganj, Sikar 409690"
3.34E+11,Rohit Sharma,4.81E+11,9169280427,"63/69, Manda Ganj, Sikar 409690"
3.34E+11,Kiran Joshi,2.48E+11,9512226039,"63/69, Manda Ganj, Sikar 409690"
3.34E+11,Ramya Natarajan,2.87E+11,9113546929,"63/69, Manda Ganj, Sikar 409690"
3.34E+11,Ravi Varma,7.59E+11,9393479975,"H.No. 242, Karpe Nagar, Nandyal-485765"
3.34E+11,Surabhi Sharma,8.35E+11,9940857533,"H.No. 242, Karpe Nagar, Nandyal-485765"
3.34E+11,Nandini Rao,1.76E+11,9333089686,"H.No. 242, Karpe Nagar, Nandyal-485765"
3.34E+11,Vidya Nambiar,2.74E+11,9570717315,"H.No. 242, Karpe Nagar, Nandyal-485765"
3.34E+11,Akhil Yadav,7.50E+11,9834073600,"01/075, Dass Path, Sambalpur-328250"
3.34E+11,Tanmay Naik,7.99E+11,9642243930,"01/075, Dass Path, Sambalpur-328250"
3.34E+11,Sanjay Gupta,4.70E+11,9639914662,"01/075, Dass Path, Sambalpur-328250"
3.34E+11,Ashwin Reddy,4.41E+11,9395761194,"H.No. 173, Agrawal, Patna-413764"
3.34E+11,Tarun Verma,1.85E+11,9140930561,"H.No. 173, Agrawal, Patna-413764"
3.34E+11,Vikash Anand,2.19E+11,9793195063,"H.No. 173, Agrawal, Patna-413764"
3.34E+11,Pratyush Ranjan,3.97E+11,9438725786,"H.No. 173, Agrawal, Patna-413764"
3.34E+11,Shubham Chauhan,6.83E+11,9392856786,"H.No. 173, Agrawal, Patna-413764"
3.33E+11,Vivek Ranjan,3.29E+11,9971337172,"05/77, Ahluwalia Nagar, Davanagere-089917"
3.33E+11,Jeevan Pillai,3.98E+11,9343121356,"05/77, Ahluwalia Nagar, Davanagere-089917"
3.33E+11,Sharada Iyer,3.66E+11,9615018000,"05/77, Ahluwalia Nagar, Davanagere-089917"
3.33E+11,Ravi Shekhar,7.44E+11,9192190575,"05/77, Ahluwalia Nagar, Davanagere-089917"
3.33E+11,Mahima Gupta,8.07E+11,9880015171,"05/77, Ahluwalia Nagar, Davanagere-089917"
3.34E+11,Ramesh Babu,2.74E+11,9815440907,"06/246, Parsa Path, Coimbatore-457855"
3.34E+11,Sunil Chawla,8.20E+11,9779056979,"06/246, Parsa Path, Coimbatore-457855"
3.34E+11,Gaurav Tiwari,6.12E+11,9581412021,"06/246, Parsa Path, Coimbatore-457855"
3.34E+11,Ashwin Reddy,4.41E+11,9395761194,"06/246, Parsa Path, Coimbatore-457855"
3.34E+11,Namrata Joshi,5.85E+11,9231755752,"H.No. 701, Swamy Ganj, Patiala-228734"
3.34E+11,Ganesh Shankar,7.81E+11,9880362408,"H.No. 701, Swamy Ganj, Patiala-228734"
3.34E+11,Himanshi Gupta,4.78E+11,9353714831,"H.No. 701, Swamy Ganj, Patiala-228734"
3.34E+11,Anand Iyer,7.61E+11,9968877835,"H.No. 701, Swamy Ganj, Patiala-228734"
3.34E+11,Tarun Verma,1.85E+11,9140930561,"H.No. 48, Mistry Chowk, Morena 586952"
3.34E+11,Ajay Mahajan,9.63E+11,9865194047,"H.No. 48, Mistry Chowk, Morena 586952"
3.34E+11,Nirmal Kumar,4.20E+11,9731531354,"H.No. 48, Mistry Chowk, Morena 586952"
3.34E+11,Meera Iyer,3.76E+11,9210616958,"H.No. 48, Mistry Chowk, Morena 586952"
3.34E+11,Ritu Choudhary,3.77E+11,9368243971,"52/23, Sinha Zila, Motihari 329197"
3.34E+11,Abhishek Tyagi,1.37E+11,9379564483,"52/23, Sinha Zila, Motihari 329197"
3.34E+11,Namrata Joshi,5.85E+11,9231755752,"52/23, Sinha Zila, Motihari 329197"
3.34E+11,Sanjay Gupta,2.93E+11,9545556896,"52/23, Sinha Zila, Motihari 329197"
3.34E+11,Madhavi Reddy,5.74E+11,9988918625,"69/979, Dube Road, Coimbatore-666851"
3.34E+11,Nirmal Kumar,6.88E+11,9190014837,"69/979, Dube Road, Coimbatore-666851"
3.34E+11,Jitendra Pandey,1.87E+11,9418864966,"69/979, Dube Road, Coimbatore-666851"
3.34E+11,Ramya Natarajan,2.87E+11,9113546929,"69/979, Dube Road, Coimbatore-666851"
3.34E+11,Preethi Nair,5.96E+11,9333106135,"446, Saha Ganj, Madhyamgram 823330"
3.34E+11,Shubham Chauhan,4.07E+11,9548677748,"446, Saha Ganj, Madhyamgram 823330"
3.34E+11,Rajiv Bhardwaj,6.95E+11,9880251213,"446, Saha Ganj, Madhyamgram 823330"
3.34E+11,Ritu Choudhary,1.26E+11,9628189538,"446, Saha Ganj, Madhyamgram 823330"
3.33E+11,Anurag Joshi,1.14E+11,9627370771,"53/163, Choudhury Chowk, Indore 541594"
3.33E+11,Sujata Menon,4.25E+11,9718274870,"53/163, Choudhury Chowk, Indore 541594"
3.33E+11,Pooja Mehta,5.18E+11,9546699543,"53/163, Choudhury Chowk, Indore 541594"
3.33E+11,Madhavi Reddy,5.74E+11,9988918625,"53/163, Choudhury Chowk, Indore 541594"
3.33E+11,Namrata Joshi,2.70E+11,9504512623,"53/163, Choudhury Chowk, Indore 541594"
3.34E+11,Nandini Rao,1.76E+11,9333089686,"08/15, Kaul Circle, Muzaffarpur 982855"
3.34E+11,Vidya Nambiar,2.74E+11,9570717315,"08/15, Kaul Circle, Muzaffarpur 982855"
3.34E+11,Venu Gopal,6.90E+11,9349267560,"08/15, Kaul Circle, Muzaffarpur 982855"
3.34E+11,Nandita Das,7.82E+11,9652959213,"08/15, Kaul Circle, Muzaffarpur 982855"
3.34E+11,Anurag Joshi,1.14E+11,9628624303,"08/15, Kaul Circle, Muzaffarpur 982855"
3.34E+11,Kavitha Krishnan,9.09E+11,9205164704,"97/50, Kapadia Marg, Nagercoil-844066"
3.34E+11,Sunil Chawla,8.20E+11,9779056979,"97/50, Kapadia Marg, Nagercoil-844066"
3.34E+11,Jaya Raghavan,5.96E+11,9278591893,"97/50, Kapadia Marg, Nagercoil-844066"
3.34E+11,Kamal Kishore,2.39E+11,9728466119,"97/50, Kapadia Marg, Nagercoil-844066"
3.33E+11,Pratyush Ranjan,3.97E+11,9438725786,"59/091, Raj Nagar, Chapra-969776"
3.33E+11,Devanshi Mehta,5.53E+11,9228416307,"59/091, Raj Nagar, Chapra-969776"
3.33E+11,Himanshi Gupta,4.59E+11,9491405559,"59/091, Raj Nagar, Chapra-969776"
3.33E+11,Nandita Das,5.92E+11,9766978942,"59/091, Raj Nagar, Chapra-969776"
3.34E+11,Komal Agrawal,4.63E+11,9791231344,"207, Gopal Path, Giridih 508763"
3.34E+11,Siddharth Kulkarni,9.59E+11,9343192281,"207, Gopal Path, Giridih 508763"
3.34E+11,Akash Malhotra,7.31E+11,9799956387,"207, Gopal Path, Giridih 508763"
3.34E+11,Aditi Sinha,4.52E+11,9164942829,"207, Gopal Path, Giridih 508763"
3.34E+11,Vikram Malhotra,9.95E+11,9955949144,"207, Gopal Path, Giridih 508763"
3.34E+11,Asha Bhat,2.41E+11,9279025948,"823, Basu Road, Karimnagar-316137"
3.34E+11,Sonia Kapoor,2.45E+11,9681200527,"823, Basu Road, Karimnagar-316137"
3.34E+11,Aparna Sinha,6.77E+11,9302938540,"823, Basu Road, Karimnagar-316137"
3.34E+11,Jaya Raghavan,5.96E+11,9278591893,"823, Basu Road, Karimnagar-316137"
3.34E+11,Himanshi Gupta,4.59E+11,9491405559,"823, Basu Road, Karimnagar-316137"
3.33E+11,Shubham Chauhan,4.07E+11,9548677748,"522, Randhawa, Berhampore-130432"
3.33E+11,Ramya Natarajan,2.87E+11,9113546929,"522, Randhawa, Berhampore-130432"
3.33E+11,Tarun Verma,2.48E+11,9554755078,"522, Randhawa, Berhampore-130432"
3.33E+11,Vineet Kumar,7.53E+11,9493987702,"522, Randhawa, Berhampore-130432"
3.33E+11,Rajesh Kumar,3.33E+11,9279449969,"522, Randhawa, Berhampore-130432"
3.34E+11,Shantanu Sen,1.09E+11,9577856030,"H.No. 182, Rana Road, Bareilly-901311"
3.34E+11,Rajesh Kumar,3.33E+11,9279449969,"H.No. 182, Rana Road, Bareilly-901311"
3.34E+11,Ravi Varma,2.71E+11,9632609500,"H.No. 182, Rana Road, Bareilly-901311"
3.34E+11,Akash Malhotra,7.31E+11,9799956387,"H.No. 182, Rana Road, Bareilly-901311"
3.33E+11,Venu Gopal,1.41E+11,9283096805,"H.No. 021, Nagy Path, Hospet 793647"
3.33E+11,Jeevan Pillai,3.98E+11,9343121356,"H.No. 021, Nagy Path, Hospet 793647"
3.33E+11,Komal Agrawal,6.68E+11,9496395041,"H.No. 021, Nagy Path, Hospet 793647"
3.33E+11,Pankaj Dubey,5.70E+11,9932663134,"H.No. 021, Nagy Path, Hospet 793647"
3.34E+11,Harsha Narayan,3.20E+11,9421658510,"26, Randhawa Path, Moradabad-554566"
3.34E+11,Avinash Rao,7.30E+11,9260261349,"26, Randhawa Path, Moradabad-554566"
3.34E+11,Siddhant Iyer,9.86E+11,9475093023,"26, Randhawa Path, Moradabad-554566"
3.34E+11,Jeevan Pillai,3.98E+11,9343121356,"26, Randhawa Path, Moradabad-554566"
3.34E+11,Sanjay Gupta,7.96E+11,9935992212,"26, Randhawa Path, Moradabad-554566"
3.33E+11,Yashwant Reddy,1.67E+11,9240750614,"957, Radhakrishnan Zila, Panchkula-982742"
3.33E+11,Ramesh Choudhary,7.13E+11,9138599290,"957, Radhakrishnan Zila, Panchkula-982742"
3.33E+11,Ritika Sharma,3.04E+11,9847554345,"957, Radhakrishnan Zila, Panchkula-982742"
3.33E+11,Swati Saxena,2.16E+11,9119910524,"957, Radhakrishnan Zila, Panchkula-982742"
3.33E+11,Nakul Trivedi,2.85E+11,9109512804,"957, Radhakrishnan Zila, Panchkula-982742"
3.34E+11,Asha Bhat,9.58E+11,9385833158,"H.No. 995, Kala, Bhagalpur-855584"
3.34E+11,Shanvika Reddy,3.59E+11,9698697322,"H.No. 995, Kala, Bhagalpur-855584"
3.34E+11,Rohit Sharma,4.81E+11,9169280427,"H.No. 995, Kala, Bhagalpur-855584"
3.34E+11,Anand Iyer,2.80E+11,9810976549,"H.No. 995, Kala, Bhagalpur-855584"
3.34E+11,Hemant Rajput,6.75E+11,9501913906,"H.No. 995, Kala, Bhagalpur-855584"
3.34E+11,Nandita Das,7.73E+11,9830879025,"H.No. 583, Sood Marg, Nashik 215307"
3.34E+11,Komal Agrawal,4.63E+11,9791231344,"H.No. 583, Sood Marg, Nashik 215307"
3.34E+11,Gaurav Tiwari,6.25E+11,9578701723,"H.No. 583, Sood Marg, Nashik 215307"
3.34E+11,Ritika Sharma,9.30E+11,9522989427,"H.No. 583, Sood Marg, Nashik 215307"
3.34E+11,Tarun Verma,1.85E+11,9140930561,"H.No. 583, Sood Marg, Nashik 215307"
3.33E+11,Sandeep Menon,4.30E+11,9370362902,"73, Kadakia Chowk, Tadepalligudem 757393"
3.33E+11,Tarun Verma,2.48E+11,9554755078,"73, Kadakia Chowk, Tadepalligudem 757393"
3.33E+11,Ganesh Shankar,2.34E+11,9617966098,"73, Kadakia Chowk, Tadepalligudem 757393"
3.33E+11,Pallavi Saxena,1.24E+11,9537054253,"73, Kadakia Chowk, Tadepalligudem 757393"
3.33E+11,Shalini Kapoor,5.03E+11,9997983643,"73, Kadakia Chowk, Tadepalligudem 757393"
3.33E+11,Shanvika Reddy,2.84E+11,9321945238,"66, Kara Ganj, Morena 326881"
3.33E+11,Yamini Rao,7.38E+11,9336738358,"66, Kara Ganj, Morena 326881"
3.33E+11,Nandini Rao,1.76E+11,9333089686,"66, Kara Ganj, Morena 326881"
3.33E+11,Sandeep Menon,9.17E+11,9665686229,"66, Kara Ganj, Morena 326881"
3.33E+11,Kavitha Krishnan,9.09E+11,9205164704,"66, Kara Ganj, Morena 326881"
3.34E+11,Shalini Kapoor,5.03E+11,9997983643,"38, Chadha Ganj, Parbhani-561961"
3.34E+11,Pooja Mehta,5.18E+11,9546699543,"38, Chadha Ganj, Parbhani-561961"
3.34E+11,Ravi Varma,9.74E+11,9686657221,"38, Chadha Ganj, Parbhani-561961"
3.34E+11,Kavitha Krishnan,9.09E+11,9205164704,"38, Chadha Ganj, Parbhani-561961"
3.34E+11,Pratyush Ranjan,3.97E+11,9438725786,"38, Chadha Ganj, Parbhani-561961"
3.33E+11,Rohit Sharma,4.81E+11,9169280427,"H.No. 18, Agarwal Nagar, Kirari Suleman Nagar 117813"
3.33E+11,Varun Tandon,9.84E+11,9126183652,"H.No. 18, Agarwal Nagar, Kirari Suleman Nagar 117813"
3.33E+11,Rajiv Bhardwaj,6.95E+11,9880251213,"H.No. 18, Agarwal Nagar, Kirari Suleman Nagar 117813"
3.33E+11,Himanshi Gupta,4.78E+11,9353714831,"H.No. 18, Agarwal Nagar, Kirari Suleman Nagar 117813"
3.33E+11,Anand Iyer,7.61E+11,9968877835,"H.No. 18, Agarwal Nagar, Kirari Suleman Nagar 117813"
3.34E+11,Harshita Saxena,2.17E+11,9950841562,"H.No. 69, Oza Marg, Allahabad 239298"
3.34E+11,Anand Iyer,6.09E+11,9789795445,"H.No. 69, Oza Marg, Allahabad 239298"
3.34E+11,Anurag Joshi,1.14E+11,9628624303,"H.No. 69, Oza Marg, Allahabad 239298"
3.34E+11,Anjali Bose,4.77E+11,9156095134,"H.No. 69, Oza Marg, Allahabad 239298"
3.33E+11,Kamal Kishore,2.39E+11,9728466119,"H.No. 18, Deol Chowk, Raebareli-329376"
3.33E+11,Tarun Verma,2.48E+11,9554755078,"H.No. 18, Deol Chowk, Raebareli-329376"
3.33E+11,Nandini Rao,1.76E+11,9333089686,"H.No. 18, Deol Chowk, Raebareli-329376"
3.33E+11,Ravi Varma,9.74E+11,9686657221,"H.No. 18, Deol Chowk, Raebareli-329376"
3.34E+11,Deepak Tiwari,2.37E+11,9475971911,"247, Gulati Nagar, Gwalior-555519"
3.34E+11,Ravi Varma,2.71E+11,9632609500,"247, Gulati Nagar, Gwalior-555519"
3.34E+11,Sneha Kapoor,7.54E+11,9735494753,"247, Gulati Nagar, Gwalior-555519"
3.34E+11,Shanvika Reddy,3.59E+11,9698697322,"247, Gulati Nagar, Gwalior-555519"
3.33E+11,Alok Mehta,4.58E+11,9163753238,"85, Choudhary Circle, Dindigul-364692"
3.33E+11,Geetha Krishnan,2.05E+11,9548712971,"85, Choudhary Circle, Dindigul-364692"
3.33E+11,Ramesh Pratap,7.86E+11,9579485171,"85, Choudhary Circle, Dindigul-364692"
3.33E+11,Rahul Nair,5.20E+11,9732090062,"85, Choudhary Circle, Dindigul-364692"
3.33E+11,Surabhi Sharma,8.35E+11,9940857533,"30/86, Singh, Mahbubnagar-835203"
3.33E+11,Kamal Kishore,4.92E+11,9316809544,"30/86, Singh, Mahbubnagar-835203"
3.33E+11,Anand Iyer,7.61E+11,9968877835,"30/86, Singh, Mahbubnagar-835203"
3.33E+11,Anurag Joshi,8.36E+11,9119148314,"30/86, Singh, Mahbubnagar-835203"
3.33E+11,Rohit Sharma,4.81E+11,9169280427,"30/86, Singh, Mahbubnagar-835203"
3.34E+11,Yamini Rao,7.38E+11,9336738358,"42, Kara, Thanjavur-862901"
3.34E+11,Asha Bhat,2.41E+11,9279025948,"42, Kara, Thanjavur-862901"
3.34E+11,Ramya Natarajan,2.87E+11,9113546929,"42, Kara, Thanjavur-862901"
3.34E+11,Naveen Reddy,2.11E+11,9852868257,"42, Kara, Thanjavur-862901"
3.34E+11,Reema Deshmukh,5.34E+11,9838016393,"42, Kara, Thanjavur-862901"
3.34E+11,Siddharth Kulkarni,9.59E+11,9343192281,"H.No. 648, Minhas Circle, Chandrapur-220983"
3.34E+11,Nandita Das,7.73E+11,9830879025,"H.No. 648, Minhas Circle, Chandrapur-220983"
3.34E+11,Kamal Kishore,4.92E+11,9316809544,"H.No. 648, Minhas Circle, Chandrapur-220983"
3.34E+11,Mahima Gupta,4.41E+11,9873297406,"H.No. 648, Minhas Circle, Chandrapur-220983"
3.34E+11,Ravi Chandra,7.41E+11,9177758117,"H.No. 648, Minhas Circle, Chandrapur-220983"
3.34E+11,Siddhant Iyer,9.86E+11,9475093023,"74, Parekh Ganj, Mahbubnagar 500910"
3.34E+11,Nandita Das,7.73E+11,9830879025,"74, Parekh Ganj, Mahbubnagar 500910"
3.34E+11,Siddharth Kulkarni,9.59E+11,9343192281,"74, Parekh Ganj, Mahbubnagar 500910"
3.34E+11,Sujata Menon,4.25E+11,9718274870,"74, Parekh Ganj, Mahbubnagar 500910"
3.34E+11,Ashwin Reddy,7.46E+11,9784451471,"74, Parekh Ganj, Mahbubnagar 500910"
3.34E+11,Sunita Joshi,1.11E+11,9438577621,"451, Deshmukh Zila, Bongaigaon 564549"
3.34E+11,Pratyush Ranjan,3.97E+11,9438725786,"451, Deshmukh Zila, Bongaigaon 564549"
3.34E+11,Nakul Trivedi,2.85E+11,9109512804,"451, Deshmukh Zila, Bongaigaon 564549"
3.34E+11,Shantanu Sen,1.09E+11,9577856030,"451, Deshmukh Zila, Bongaigaon 564549"
3.34E+11,Himanshi Gupta,8.25E+11,9470605931,"13/59, Hayre Circle, Gandhinagar 808005"
3.34E+11,Ramesh Choudhary,7.13E+11,9138599290,"13/59, Hayre Circle, Gandhinagar 808005"
3.34E+11,Ritika Sharma,3.04E+11,9847554345,"13/59, Hayre Circle, Gandhinagar 808005"
3.34E+11,Swati Saxena,2.16E+11,9119910524,"13/59, Hayre Circle, Gandhinagar 808005"
3.34E+11,Sonia Kapoor,2.45E+11,9681200527,"46/10, Tank Nagar, Guntur-229590"
3.34E+11,Vineet Kumar,2.62E+11,9625475796,"46/10, Tank Nagar, Guntur-229590"
3.34E+11,Harshita Saxena,5.80E+11,9464446700,"46/10, Tank Nagar, Guntur-229590"
3.34E+11,Anand Iyer,6.09E+11,9789795445,"46/10, Tank Nagar, Guntur-229590"
3.34E+11,Ashwin Reddy,7.46E+11,9784451471,"46/10, Tank Nagar, Guntur-229590"
3.34E+11,Pratyush Ranjan,6.73E+11,9522016386,"73/58, Solanki Road, Karimnagar 973851"
3.34E+11,Tanmay Naik,7.99E+11,9642243930,"73/58, Solanki Road, Karimnagar 973851"
3.34E+11,Himanshi Gupta,8.25E+11,9470605931,"73/58, Solanki Road, Karimnagar 973851"
3.34E+11,Venu Gopal,6.90E+11,9349267560,"73/58, Solanki Road, Karimnagar 973851"
3.34E+11,Vaibhav Sharma,6.44E+11,9149673214,"73/58, Solanki Road, Karimnagar 973851"
3.34E+11,Bhavna Patel,4.25E+11,9227564171,"38/39, Bhalla Zila, Kozhikode-320992"
3.34E+11,Sharvani Nair,9.34E+11,9660878147,"38/39, Bhalla Zila, Kozhikode-320992"
3.34E+11,Varun Tandon,9.84E+11,9126183652,"38/39, Bhalla Zila, Kozhikode-320992"
3.34E+11,Gaurav Tiwari,6.12E+11,9581412021,"38/39, Bhalla Zila, Kozhikode-320992"
3.34E+11,Sanjay Gupta,2.93E+11,9545556896,"38/39, Bhalla Zila, Kozhikode-320992"
3.34E+11,Tarun Verma,2.67E+11,9439574357,"H.No. 755, Chopra Road, Madurai-804066"
3.34E+11,Jitendra Pandey,1.87E+11,9418864966,"H.No. 755, Chopra Road, Madurai-804066"
3.34E+11,Sunil Chawla,8.20E+11,9779056979,"H.No. 755, Chopra Road, Madurai-804066"
3.34E+11,Ritu Choudhary,3.77E+11,9368243971,"H.No. 755, Chopra Road, Madurai-804066"
3.34E+11,Yashwant Reddy,7.33E+11,9274461920,"78/97, Mistry Chowk, Patiala-839066"
3.34E+11,Pankaj Dubey,9.81E+11,9544955384,"78/97, Mistry Chowk, Patiala-839066"
3.34E+11,Anand Iyer,2.80E+11,9810976549,"78/97, Mistry Chowk, Patiala-839066"
3.34E+11,Ritu Choudhary,3.77E+11,9368243971,"78/97, Mistry Chowk, Patiala-839066"
3.33E+11,Kiran Joshi,2.48E+11,9512226039,"57/76, Brahmbhatt Path, Munger-346143"
3.33E+11,Naveen Reddy,2.11E+11,9852868257,"57/76, Brahmbhatt Path, Munger-346143"
3.33E+11,Geetha Krishnan,3.36E+11,9925868472,"57/76, Brahmbhatt Path, Munger-346143"
3.33E+11,Himanshi Gupta,4.78E+11,9353714831,"57/76, Brahmbhatt Path, Munger-346143"
3.34E+11,Ganesh Shankar,9.13E+11,9348975543,"92, Ravi Road, Guwahati 652431"
3.34E+11,Akash Malhotra,7.31E+11,9799956387,"92, Ravi Road, Guwahati 652431"
3.34E+11,Raghav Tandon,5.55E+11,9110744983,"92, Ravi Road, Guwahati 652431"
3.34E+11,Ramya Natarajan,2.87E+11,9113546929,"92, Ravi Road, Guwahati 652431"
3.34E+11,Sharvani Nair,9.34E+11,9660878147,"H.No. 74, Dasgupta Marg, Giridih 527066"
3.34E+11,Aditi Sinha,1.61E+11,9716281276,"H.No. 74, Dasgupta Marg, Giridih 527066"
3.34E+11,Avinash Rao,7.30E+11,9260261349,"H.No. 74, Dasgupta Marg, Giridih 527066"
3.34E+11,Ashwin Reddy,7.46E+11,9784451471,"H.No. 74, Dasgupta Marg, Giridih 527066"
3.33E+11,Vineet Kumar,2.62E+11,9625475796,"H.No. 80, Chaudhary Zila, Agra 905072"
3.33E+11,Shubham Chauhan,6.83E+11,9392856786,"H.No. 80, Chaudhary Zila, Agra 905072"
3.33E+11,Asha Bhat,2.41E+11,9279025948,"H.No. 80, Chaudhary Zila, Agra 905072"
3.33E+11,Namrata Joshi,5.85E+11,9231755752,"H.No. 80, Chaudhary Zila, Agra 905072"
3.33E+11,Akash Malhotra,2.67E+11,9969037166,"H.No. 80, Chaudhary Zila, Agra 905072"
3.34E+11,Karthika Menon,7.96E+11,9920667388,"67/764, Sachdeva Street, Rohtak-289061"
3.34E+11,Sonia Kapoor,2.45E+11,9681200527,"67/764, Sachdeva Street, Rohtak-289061"
3.34E+11,Anand Iyer,6.09E+11,9789795445,"67/764, Sachdeva Street, Rohtak-289061"
3.34E+11,Ramesh Pratap,7.86E+11,9579485171,"67/764, Sachdeva Street, Rohtak-289061"
3.34E+11,Ravi Varma,9.74E+11,9686657221,"67/764, Sachdeva Street, Rohtak-289061"
3.34E+11,Shubham Chauhan,6.83E+11,9392856786,"204, Deep Ganj, Bikaner 050334"
3.34E+11,Ravi Shekhar,7.44E+11,9192190575,"204, Deep Ganj, Bikaner 050334"
3.34E+11,Bhavna Patel,4.04E+11,9552573521,"204, Deep Ganj, Bikaner 050334"
3.34E+11,Shantanu Sen,1.09E+11,9577856030,"204, Deep Ganj, Bikaner 050334"
3.34E+11,Siddhant Iyer,9.86E+11,9475093023,"204, Deep Ganj, Bikaner 050334"
3.33E+11,Ravi Shekhar,7.44E+11,9192190575,"40/78, Chaudhary Nagar, Jhansi-069462"
3.33E+11,Alok Mehta,1.42E+11,9422605430,"40/78, Chaudhary Nagar, Jhansi-069462"
3.33E+11,Tanya Bhardwaj,2.23E+11,9908564235,"40/78, Chaudhary Nagar, Jhansi-069462"
3.34E+11,Tanya Bhardwaj,2.23E+11,9908564235,"70/834, Raj Street, Pudukkottai-834296"
3.34E+11,Vikash Anand,2.19E+11,9793195063,"70/834, Raj Street, Pudukkottai-834296"
3.34E+11,Vinod Menon,9.21E+11,9133492060,"70/834, Raj Street, Pudukkottai-834296"
3.34E+11,Reema Deshmukh,5.34E+11,9838016393,"70/834, Raj Street, Pudukkottai-834296"
3.34E+11,Ramya Natarajan,7.08E+11,9100126921,"74/610, Wable Circle, Kozhikode-075034"
3.34E+11,Sandeep Menon,5.40E+11,9449787505,"74/610, Wable Circle, Kozhikode-075034"
3.34E+11,Nisha Gupta,9.56E+11,9196526446,"74/610, Wable Circle, Kozhikode-075034"
3.34E+11,Pankaj Dubey,5.70E+11,9932663134,"74/610, Wable Circle, Kozhikode-075034"
3.34E+11,Mahima Gupta,8.07E+11,9880015171,"74/610, Wable Circle, Kozhikode-075034"
3.34E+11,Varun Tandon,9.84E+11,9126183652,"H.No. 289, Ratta Chowk, Nagercoil-413391"
3.34E+11,Neha Verma,2.37E+11,9284867401,"H.No. 289, Ratta Chowk, Nagercoil-413391"
3.34E+11,Akhil Yadav,5.57E+11,9188251049,"H.No. 289, Ratta Chowk, Nagercoil-413391"
3.34E+11,Namrata Joshi,5.85E+11,9231755752,"H.No. 289, Ratta Chowk, Nagercoil-413391"
3.34E+11,Juhi Saxena,8.81E+11,9581644770,"533, Nath Street, Raebareli 036996"
3.34E+11,Dinesh Pillai,5.97E+11,9159459490,"533, Nath Street, Raebareli 036996"
3.34E+11,Avinash Rao,7.30E+11,9260261349,"533, Nath Street, Raebareli 036996"
3.34E+11,Harsha Narayan,9.75E+11,9437528570,"533, Nath Street, Raebareli 036996"
3.34E+11,Rahul Nair,5.20E+11,9732090062,"H.No. 922, Chaudhari Street, Bhubaneswar 333233"
3.34E+11,Vivek Ranjan,3.29E+11,9971337172,"H.No. 922, Chaudhari Street, Bhubaneswar 333233"
3.34E+11,Anurag Joshi,1.14E+11,9628624303,"H.No. 922, Chaudhari Street, Bhubaneswar 333233"
3.34E+11,Deepak Tiwari,2.37E+11,9475971911,"H.No. 922, Chaudhari Street, Bhubaneswar 333233"
3.33E+11,Nirmal Kumar,4.20E+11,9731531354,"162, Patla Zila, Khandwa-889122"
3.33E+11,Harini Ravi,4.22E+11,9386643509,"162, Patla Zila, Khandwa-889122"
3.33E+11,Naveen Reddy,2.11E+11,9852868257,"162, Patla Zila, Khandwa-889122"
3.33E+11,Venu Gopal,3.48E+11,9683855786,"162, Patla Zila, Khandwa-889122"
3.33E+11,Nandita Das,7.82E+11,9652959213,"07/176, Borah Marg, Tinsukia 227176"
3.33E+11,Hemant Rajput,2.98E+11,9771305594,"07/176, Borah Marg, Tinsukia 227176"
3.33E+11,Nandita Das,5.92E+11,9766978942,"07/176, Borah Marg, Tinsukia 227176"
3.33E+11,Nakul Trivedi,2.85E+11,9109512804,"07/176, Borah Marg, Tinsukia 227176"
3.33E+11,Sharada Iyer,3.66E+11,9615018000,"07/176, Borah Marg, Tinsukia 227176"
3.34E+11,Chirag Desai,8.63E+11,9588603258,"H.No. 05, Dalal Circle, Korba 564192"
3.34E+11,Sandeep Menon,4.30E+11,9370362902,"H.No. 05, Dalal Circle, Korba 564192"
3.34E+11,Nandita Das,5.92E+11,9766978942,"H.No. 05, Dalal Circle, Korba 564192"
3.34E+11,Shantanu Sen,1.09E+11,9577856030,"H.No. 05, Dalal Circle, Korba 564192"
3.34E+11,Chirag Desai,8.63E+11,9588603258,"H.No. 05, Dalal Circle, Korba 564192"
3.34E+11,Vineet Kumar,7.53E+11,9493987702,"785, Mangat, Ramgarh 524406"
3.34E+11,Akash Malhotra,4.65E+11,9635658456,"785, Mangat, Ramgarh 524406"
3.34E+11,Snehal Pawar,4.48E+11,9449649582,"785, Mangat, Ramgarh 524406"
3.34E+11,Raghav Tandon,5.55E+11,9110744983,"785, Mangat, Ramgarh 524406"
3.33E+11,Satish Shetty,2.15E+11,9640685337,"952, Nagi Marg, Sambhal 356108"
3.33E+11,Asha Bhat,2.41E+11,9279025948,"952, Nagi Marg, Sambhal 356108"
3.33E+11,Sandeep Menon,5.40E+11,9449787505,"952, Nagi Marg, Sambhal 356108"
3.33E+11,Sanjay Gupta,7.96E+11,9935992212,"952, Nagi Marg, Sambhal 356108"
3.34E+11,Ajay Mahajan,9.63E+11,9865194047,"44/50, Johal Nagar, Begusarai-899164"
3.34E+11,Akash Malhotra,2.67E+11,9969037166,"44/50, Johal Nagar, Begusarai-899164"
3.34E+11,Pratyush Ranjan,3.97E+11,9438725786,"44/50, Johal Nagar, Begusarai-899164"
3.34E+11,Yamini Rao,7.38E+11,9336738358,"44/50, Johal Nagar, Begusarai-899164"
3.33E+11,Ramya Natarajan,2.87E+11,9113546929,"H.No. 33, Kata Marg, Satna-859357"
3.33E+11,Harsha Narayan,3.20E+11,9421658510,"H.No. 33, Kata Marg, Satna-859357"
3.33E+11,Rajiv Bhardwaj,6.95E+11,9880251213,"H.No. 33, Kata Marg, Satna-859357"
3.33E+11,Varun Tandon,9.84E+11,9126183652,"H.No. 33, Kata Marg, Satna-859357"
3.33E+11,Ashwin Reddy,4.41E+11,9395761194,"H.No. 33, Kata Marg, Satna-859357"
3.34E+11,Vaishnavi Desai,9.14E+11,9118794027,"H.No. 08, Modi Zila, Gwalior-128866"
3.34E+11,Chirag Desai,7.29E+11,9569513332,"H.No. 08, Modi Zila, Gwalior-128866"
3.34E+11,Jaya Raghavan,5.96E+11,9278591893,"H.No. 08, Modi Zila, Gwalior-128866"
3.34E+11,Harshita Saxena,2.17E+11,9950841562,"H.No. 08, Modi Zila, Gwalior-128866"
3.33E+11,Geetha Krishnan,4.44E+11,9487094797,"H.No. 716, Sanghvi Street, Katni 621683"
3.33E+11,Sneha Kapoor,7.54E+11,9735494753,"H.No. 716, Sanghvi Street, Katni 621683"
3.33E+11,Pooja Mehta,5.18E+11,9546699543,"H.No. 716, Sanghvi Street, Katni 621683"
3.33E+11,Ritu Choudhary,1.26E+11,9628189538,"H.No. 716, Sanghvi Street, Katni 621683"
3.34E+11,Sanjay Gupta,4.88E+11,9331383104,"H.No. 15, Sachar Road, Siliguri-243266"
3.34E+11,Komal Agrawal,6.21E+11,9274974007,"H.No. 15, Sachar Road, Siliguri-243266"
3.34E+11,Nandini Rao,1.76E+11,9333089686,"H.No. 15, Sachar Road, Siliguri-243266"
3.34E+11,Tarun Verma,1.85E+11,9140930561,"H.No. 15, Sachar Road, Siliguri-243266"
3.34E+11,Gaurav Tiwari,6.25E+11,9578701723,"H.No. 31, Parekh Circle, Bidhannagar-701558"
3.34E+11,Raghav Tandon,5.89E+11,9399342533,"H.No. 31, Parekh Circle, Bidhannagar-701558"
3.34E+11,Akash Malhotra,2.67E+11,9969037166,"H.No. 31, Parekh Circle, Bidhannagar-701558"
3.34E+11,Geetha Krishnan,3.36E+11,9925868472,"H.No. 31, Parekh Circle, Bidhannagar-701558"
3.34E+11,Tarun Verma,2.48E+11,9554755078,"H.No. 31, Parekh Circle, Bidhannagar-701558"
3.34E+11,Ramesh Pratap,7.86E+11,9579485171,"68/35, Sahni Street, Allahabad 989609"
3.34E+11,Nandita Das,5.92E+11,9766978942,"68/35, Sahni Street, Allahabad 989609"
3.34E+11,Rajiv Bhardwaj,6.95E+11,9880251213,"68/35, Sahni Street, Allahabad 989609"
3.34E+11,Pooja Mehta,5.18E+11,9546699543,"68/35, Sahni Street, Allahabad 989609"
3.34E+11,Sandeep Menon,9.17E+11,9665686229,"H.No. 575, Badal Nagar, Deoghar 930482"
3.34E+11,Sandeep Menon,9.17E+11,9665686229,"H.No. 575, Badal Nagar, Deoghar 930482"
3.34E+11,Vineet Kumar,7.53E+11,9493987702,"H.No. 575, Badal Nagar, Deoghar 930482"
3.34E+11,Soham Gokhale,5.76E+11,9293005830,"H.No. 575, Badal Nagar, Deoghar 930482"
3.34E+11,Sharvani Nair,9.34E+11,9660878147,"H.No. 575, Badal Nagar, Deoghar 930482"
3.34E+11,Mahima Gupta,4.41E+11,9873297406,"H.No. 72, Raj Chowk, Alappuzha-022318"
3.34E+11,Devanshi Mehta,5.53E+11,9228416307,"H.No. 72, Raj Chowk, Alappuzha-022318"
3.34E+11,Anand Iyer,6.09E+11,9789795445,"H.No. 72, Raj Chowk, Alappuzha-022318"
3.34E+11,Swati Saxena,2.16E+11,9119910524,"H.No. 72, Raj Chowk, Alappuzha-022318"
3.34E+11,Alok Mehta,1.42E+11,9422605430,"H.No. 72, Raj Chowk, Alappuzha-022318"
3.33E+11,Pooja Mehta,3.04E+11,9732401972,"503, Ben Nagar, Rohtak-150491"
3.33E+11,Ramesh Pratap,7.86E+11,9579485171,"503, Ben Nagar, Rohtak-150491"
3.33E+11,Sudhakar Rao,5.59E+11,9520563641,"503, Ben Nagar, Rohtak-150491"
3.33E+11,Anjali Bose,4.77E+11,9156095134,"503, Ben Nagar, Rohtak-150491"
3.33E+11,Sanjay Gupta,2.93E+11,9545556896,"09/03, Ghose Path, Bulandshahr-798248"
3.33E+11,Nirmal Kumar,4.20E+11,9731531354,"09/03, Ghose Path, Bulandshahr-798248"
3.33E+11,Hemant Rajput,2.98E+11,9771305594,"09/03, Ghose Path, Bulandshahr-798248"
3.33E+11,Mahima Gupta,8.07E+11,9880015171,"09/03, Ghose Path, Bulandshahr-798248"
3.33E+11,Nandini Rao,1.76E+11,9333089686,"09/03, Ghose Path, Bulandshahr-798248"
3.34E+11,Mahima Gupta,1.40E+11,9708535183,"38, Balay, Ahmednagar 283283"
3.34E+11,Ashwin Reddy,4.41E+11,9395761194,"38, Balay, Ahmednagar 283283"
3.34E+11,Shanvika Reddy,2.84E+11,9321945238,"38, Balay, Ahmednagar 283283"
3.34E+11,Sunil Chawla,8.20E+11,9779056979,"38, Balay, Ahmednagar 283283"
3.34E+11,Nirmal Kumar,3.48E+11,9527982585,"89, Misra Marg, Eluru 030084"
3.34E+11,Harshita Saxena,5.80E+11,9464446700,"89, Misra Marg, Eluru 030084"
3.34E+11,Jitendra Pandey,1.87E+11,9418864966,"89, Misra Marg, Eluru 030084"
3.34E+11,Anurag Joshi,5.40E+11,9749925001,"89, Misra Marg, Eluru 030084"
3.34E+11,Anjali Bose,4.77E+11,9156095134,"89, Misra Marg, Eluru 030084"
3.33E+11,Gaurav Tiwari,6.12E+11,9581412021,"07, Venkatesh Road, Gandhinagar-408078"
3.33E+11,Anupam Pandey,6.28E+11,9504868138,"07, Venkatesh Road, Gandhinagar-408078"
3.33E+11,Ritika Sharma,3.04E+11,9847554345,"07, Venkatesh Road, Gandhinagar-408078"
3.33E+11,Sneha Kapoor,7.54E+11,9735494753,"07, Venkatesh Road, Gandhinagar-408078"
3.33E+11,Yamini Rao,7.38E+11,9336738358,"07, Venkatesh Road, Gandhinagar-408078"
3.33E+11,Anurag Joshi,5.40E+11,9749925001,"H.No. 73, Ahluwalia Path, Ichalkaranji 707136"
3.33E+11,Harshita Saxena,5.80E+11,9464446700,"H.No. 73, Ahluwalia Path, Ichalkaranji 707136"
3.33E+11,Raghav Tandon,5.89E+11,9399342533,"H.No. 73, Ahluwalia Path, Ichalkaranji 707136"
3.33E+11,Komal Agrawal,4.63E+11,9791231344,"H.No. 73, Ahluwalia Path, Ichalkaranji 707136"
3.34E+11,Ritika Sharma,9.30E+11,9522989427,"82/53, Thakkar Street, Motihari-293570"
3.34E+11,Mansi Shah,9.22E+11,9397140379,"82/53, Thakkar Street, Motihari-293570"
3.34E+11,Sharvani Nair,6.63E+11,9414925410,"82/53, Thakkar Street, Motihari-293570"
3.34E+11,Preethi Nair,5.96E+11,9333106135,"82/53, Thakkar Street, Motihari-293570"
3.33E+11,Himanshi Gupta,4.59E+11,9491405559,"19, Keer Marg, Bhusawal 981961"
3.33E+11,Asha Bhat,2.41E+11,9279025948,"19, Keer Marg, Bhusawal 981961"
3.33E+11,Ramya Natarajan,2.87E+11,9113546929,"19, Keer Marg, Bhusawal 981961"
3.33E+11,Naveen Reddy,2.11E+11,9852868257,"19, Keer Marg, Bhusawal 981961"
3.34E+11,Kamal Kishore,5.46E+11,9977273707,"97/46, Rama, Ratlam-213571"
3.34E+11,Ganesh Shankar,2.34E+11,9617966098,"97/46, Rama, Ratlam-213571"
3.34E+11,Sharada Iyer,3.66E+11,9615018000,"97/46, Rama, Ratlam-213571"
3.34E+11,Preethi Nair,5.96E+11,9333106135,"97/46, Rama, Ratlam-213571"
3.33E+11,Pooja Mehta,5.18E+11,9546699543,"55, Hans Chowk, Chennai 609567"
3.33E+11,Anurag Joshi,1.14E+11,9628624303,"55, Hans Chowk, Chennai 609567"
3.33E+11,Himanshi Gupta,8.25E+11,9470605931,"55, Hans Chowk, Chennai 609567"
3.33E+11,Jaya Raghavan,5.96E+11,9278591893,"55, Hans Chowk, Chennai 609567"
3.33E+11,Akhil Yadav,5.57E+11,9188251049,"55, Hans Chowk, Chennai 609567"
3.34E+11,Ramesh Choudhary,7.13E+11,9138599290,"49, Palan Road, Singrauli-771594"
3.34E+11,Yamini Rao,7.38E+11,9336738358,"49, Palan Road, Singrauli-771594"
3.34E+11,Shubham Chauhan,4.07E+11,9548677748,"49, Palan Road, Singrauli-771594"
3.34E+11,Pooja Mehta,2.69E+11,9665191871,"49, Palan Road, Singrauli-771594"
3.34E+11,Sharvani Nair,9.34E+11,9660878147,"49, Palan Road, Singrauli-771594"
3.33E+11,Aparna Sinha,6.77E+11,9302938540,"H.No. 533, Barad Path, Jorhat-905144"
3.33E+11,Vineet Kumar,2.62E+11,9625475796,"H.No. 533, Barad Path, Jorhat-905144"
3.33E+11,Anand Iyer,4.75E+11,9534169146,"H.No. 533, Barad Path, Jorhat-905144"
3.33E+11,Aditi Sinha,1.61E+11,9716281276,"H.No. 533, Barad Path, Jorhat-905144"
3.34E+11,Sneha Kapoor,7.54E+11,9735494753,"27/068, Mukhopadhyay Circle, Bahraich-728407"
3.34E+11,Ramesh Pratap,7.86E+11,9579485171,"27/068, Mukhopadhyay Circle, Bahraich-728407"
3.34E+11,Kamal Kishore,2.39E+11,9728466119,"27/068, Mukhopadhyay Circle, Bahraich-728407"
3.34E+11,Vinod Menon,9.21E+11,9133492060,"27/068, Mukhopadhyay Circle, Bahraich-728407"
3.34E+11,Ritika Sharma,1.06E+11,9309532633,"H.No. 409, Kannan Path, Ongole-644948"
3.34E+11,Rahul Nair,5.20E+11,9732090062,"H.No. 409, Kannan Path, Ongole-644948"
3.34E+11,Sharvani Nair,9.34E+11,9660878147,"H.No. 409, Kannan Path, Ongole-644948"
3.34E+11,Nirmal Kumar,3.48E+11,9527982585,"H.No. 409, Kannan Path, Ongole-644948"
3.34E+11,Vaishnavi Desai,9.14E+11,9118794027,"H.No. 409, Kannan Path, Ongole-644948"
3.34E+11,Vaishnavi Desai,8.91E+11,9627171098,"H.No. 59, Dara Nagar, Secunderabad-893516"
3.34E+11,Vivek Ranjan,3.03E+11,9681865866,"H.No. 59, Dara Nagar, Secunderabad-893516"
3.34E+11,Vidya Nambiar,2.74E+11,9570717315,"H.No. 59, Dara Nagar, Secunderabad-893516"
3.34E+11,Anand Iyer,7.61E+11,9968877835,"H.No. 59, Dara Nagar, Secunderabad-893516"
3.34E+11,Neha Verma,2.37E+11,9284867401,"H.No. 59, Dara Nagar, Secunderabad-893516"
3.34E+11,Meera Iyer,1.79E+11,9677465908,"720, Upadhyay Street, Farrukhabad 324370"
3.34E+11,Himanshi Gupta,4.78E+11,9353714831,"720, Upadhyay Street, Farrukhabad 324370"
3.34E+11,Pratyush Ranjan,3.97E+11,9438725786,"720, Upadhyay Street, Farrukhabad 324370"
3.34E+11,Jaya Raghavan,5.96E+11,9278591893,"720, Upadhyay Street, Farrukhabad 324370"
3.34E+11,Rajiv Bhardwaj,6.95E+11,9880251213,"720, Upadhyay Street, Farrukhabad 324370"
3.34E+11,Ashok Bansal,8.45E+11,9911880742,"H.No. 30, Pandya Zila, Vadodara-945273"
3.34E+11,Ashwin Reddy,4.41E+11,9395761194,"H.No. 30, Pandya Zila, Vadodara-945273"
3.34E+11,Shalini Kapoor,5.03E+11,9997983643,"H.No. 30, Pandya Zila, Vadodara-945273"
3.34E+11,Priyanka Yadav,9.09E+11,9652651273,"H.No. 30, Pandya Zila, Vadodara-945273"
3.34E+11,Sudhakar Rao,5.59E+11,9520563641,"35/070, Bajwa Nagar, Hindupur 947771"
3.34E+11,Akash Malhotra,4.65E+11,9635658456,"35/070, Bajwa Nagar, Hindupur 947771"
3.34E+11,Ganesh Shankar,9.13E+11,9348975543,"35/070, Bajwa Nagar, Hindupur 947771"
3.34E+11,Tarun Verma,2.48E+11,9554755078,"35/070, Bajwa Nagar, Hindupur 947771"
3.34E+11,Karthika Menon,7.96E+11,9920667388,"35/070, Bajwa Nagar, Hindupur 947771"
3.34E+11,Nirmal Kumar,6.54E+11,9343437870,"H.No. 967, Rastogi Zila, Hubli–Dharwad-219318"
3.34E+11,Anurag Joshi,1.14E+11,9627370771,"H.No. 967, Rastogi Zila, Hubli–Dharwad-219318"
3.34E+11,Yashwant Reddy,7.33E+11,9274461920,"H.No. 967, Rastogi Zila, Hubli–Dharwad-219318"
3.34E+11,Pallavi Saxena,1.24E+11,9537054253,"H.No. 967, Rastogi Zila, Hubli–Dharwad-219318"
3.34E+11,Madhavi Reddy,1.23E+11,9979149193,"H.No. 967, Rastogi Zila, Hubli–Dharwad-219318"
3.34E+11,Pallavi Saxena,1.24E+11,9537054253,"H.No. 30, Lata Marg, Haridwar-853799"
3.34E+11,Geetha Krishnan,3.36E+11,9925868472,"H.No. 30, Lata Marg, Haridwar-853799"
3.34E+11,Monica Das,9.28E+11,9912410957,"H.No. 30, Lata Marg, Haridwar-853799"
3.34E+11,Siddhant Iyer,7.89E+11,9125613743,"H.No. 30, Lata Marg, Haridwar-853799"
3.34E+11,Ganesh Shankar,9.13E+11,9348975543,"H.No. 30, Lata Marg, Haridwar-853799"
3.34E+11,Akash Malhotra,2.67E+11,9969037166,"00, Rai Path, Katihar-113084"
3.34E+11,Rohit Sharma,4.81E+11,9169280427,"00, Rai Path, Katihar-113084"
3.34E+11,Kiran Joshi,2.48E+11,9512226039,"00, Rai Path, Katihar-113084"
3.34E+11,Ramya Natarajan,2.87E+11,9113546929,"00, Rai Path, Katihar-113084"
3.34E+11,Akhil Yadav,7.50E+11,9834073600,"00, Rai Path, Katihar-113084"
3.34E+11,Shanvika Reddy,3.30E+11,9180771854,"H.No. 055, Yadav Zila, Chandrapur 826133"
3.34E+11,Tanya Bhardwaj,2.23E+11,9908564235,"H.No. 055, Yadav Zila, Chandrapur 826133"
3.34E+11,Ritu Choudhary,9.40E+11,9943820060,"H.No. 055, Yadav Zila, Chandrapur 826133"
3.34E+11,Preethi Nair,2.33E+11,9256710392,"H.No. 055, Yadav Zila, Chandrapur 826133"
3.34E+11,Siddharth Kulkarni,9.59E+11,9343192281,"H.No. 055, Yadav Zila, Chandrapur 826133"
3.34E+11,Karthika Menon,3.76E+11,9362097810,"718, Arora Path, Jalgaon-640596"
3.34E+11,Vijay Patil,1.23E+11,9618046629,"718, Arora Path, Jalgaon-640596"
3.34E+11,Venu Gopal,3.48E+11,9683855786,"718, Arora Path, Jalgaon-640596"
3.34E+11,Anurag Joshi,1.14E+11,9628624303,"718, Arora Path, Jalgaon-640596"
3.34E+11,Karthika Menon,7.96E+11,9920667388,"718, Arora Path, Jalgaon-640596"
3.34E+11,Sanjay Gupta,9.05E+11,9894984609,"05, Issac Road, Pallavaram 245469"
3.34E+11,Ramesh Babu,2.74E+11,9815440907,"05, Issac Road, Pallavaram 245469"
3.34E+11,Tarun Verma,2.48E+11,9554755078,"05, Issac Road, Pallavaram 245469"
3.34E+11,Ashwin Reddy,7.46E+11,9784451471,"05, Issac Road, Pallavaram 245469"
3.34E+11,Pooja Mehta,2.69E+11,9665191871,"05, Issac Road, Pallavaram 245469"
3.34E+11,Mahima Gupta,8.07E+11,9880015171,"07/84, Amble Ganj, Muzaffarpur 108221"
3.34E+11,Namrata Joshi,2.70E+11,9504512623,"07/84, Amble Ganj, Muzaffarpur 108221"
3.34E+11,Swati Saxena,2.16E+11,9119910524,"07/84, Amble Ganj, Muzaffarpur 108221"
3.34E+11,Sanjay Gupta,4.70E+11,9639914662,"07/84, Amble Ganj, Muzaffarpur 108221"
3.34E+11,Anurag Joshi,5.40E+11,9749925001,"07/84, Amble Ganj, Muzaffarpur 108221"
3.34E+11,Jaya Raghavan,5.96E+11,9278591893,"H.No. 50, Ghosh Road, Amroha 444011"
3.34E+11,Ramesh Babu,2.74E+11,9815440907,"H.No. 50, Ghosh Road, Amroha 444011"
3.34E+11,Namrata Joshi,6.52E+11,9154210321,"H.No. 50, Ghosh Road, Amroha 444011"
3.34E+11,Preethi Nair,5.96E+11,9333106135,"H.No. 50, Ghosh Road, Amroha 444011"
3.34E+11,Pratyush Ranjan,3.97E+11,9438725786,"H.No. 50, Ghosh Road, Amroha 444011"
3.34E+11,Ritika Sharma,3.04E+11,9847554345,"H.No. 683, Sem Marg, Katni-334310"
3.34E+11,Aditi Sinha,4.52E+11,9164942829,"H.No. 683, Sem Marg, Katni-334310"
3.34E+11,Aditi Sinha,1.61E+11,9716281276,"H.No. 683, Sem Marg, Katni-334310"
3.34E+11,Vikash Anand,2.19E+11,9793195063,"H.No. 683, Sem Marg, Katni-334310"
3.34E+11,Madhavi Reddy,5.74E+11,9988918625,"H.No. 683, Sem Marg, Katni-334310"
3.33E+11,Pankaj Dubey,5.70E+11,9932663134,"32, Virk Nagar, Ichalkaranji-445094"
3.33E+11,Aditi Sinha,4.52E+11,9164942829,"32, Virk Nagar, Ichalkaranji-445094"
3.33E+11,Vidya Nambiar,2.74E+11,9570717315,"32, Virk Nagar, Ichalkaranji-445094"
3.33E+11,Geetha Krishnan,2.05E+11,9548712971,"32, Virk Nagar, Ichalkaranji-445094"
3.33E+11,Kavya Rao,6.22E+11,9922550759,"99/882, Srinivasan Nagar, Howrah-590932"
3.33E+11,Ravi Varma,2.71E+11,9632609500,"99/882, Srinivasan Nagar, Howrah-590932"
3.33E+11,Geetha Krishnan,2.05E+11,9548712971,"99/882, Srinivasan Nagar, Howrah-590932"
3.33E+11,Himanshi Gupta,4.78E+11,9353714831,"99/882, Srinivasan Nagar, Howrah-590932"
3.33E+11,Sunita Joshi,1.11E+11,9438577621,"99/882, Srinivasan Nagar, Howrah-590932"
3.34E+11,Ishaan Patil,1.30E+11,9113703161,"129, Wali Road, Kollam 219914"
3.34E+11,Vaishnavi Desai,8.91E+11,9627171098,"129, Wali Road, Kollam 219914"
3.34E+11,Vikram Malhotra,9.95E+11,9955949144,"129, Wali Road, Kollam 219914"
3.34E+11,Sujata Menon,4.25E+11,9718274870,"129, Wali Road, Kollam 219914"
3.34E+11,Sanjay Gupta,4.70E+11,9639914662,"H.No. 484, Om Street, Tirupati-418528"
3.34E+11,Dinesh Pillai,5.97E+11,9159459490,"H.No. 484, Om Street, Tirupati-418528"
3.34E+11,Avinash Rao,7.30E+11,9260261349,"H.No. 484, Om Street, Tirupati-418528"
3.34E+11,Harsha Narayan,9.75E+11,9437528570,"H.No. 484, Om Street, Tirupati-418528"
3.34E+11,Akash Malhotra,7.31E+11,9799956387,"H.No. 331, Gola Ganj, Bardhaman-829316"
3.34E+11,Vijay Patil,1.23E+11,9618046629,"H.No. 331, Gola Ganj, Bardhaman-829316"
3.34E+11,Venu Gopal,3.48E+11,9683855786,"H.No. 331, Gola Ganj, Bardhaman-829316"
3.34E+11,Anurag Joshi,1.14E+11,9628624303,"H.No. 331, Gola Ganj, Bardhaman-829316"
3.34E+11,Komal Agrawal,6.21E+11,9274974007,"63/533, Vaidya Ganj, Gopalpur 974165"
3.34E+11,Nisha Gupta,9.56E+11,9196526446,"63/533, Vaidya Ganj, Gopalpur 974165"
3.34E+11,Jaya Raghavan,5.96E+11,9278591893,"63/533, Vaidya Ganj, Gopalpur 974165"
3.34E+11,Aditi Sinha,4.52E+11,9164942829,"63/533, Vaidya Ganj, Gopalpur 974165"
3.34E+11,Namrata Joshi,5.85E+11,9231755752,"63/533, Vaidya Ganj, Gopalpur 974165"
3.34E+11,Vivek Ranjan,3.03E+11,9681865866,"H.No. 77, Chada Marg, Noida-317826"
3.34E+11,Ramesh Babu,2.74E+11,9815440907,"H.No. 77, Chada Marg, Noida-317826"
3.34E+11,Sharvani Nair,9.34E+11,9660878147,"H.No. 77, Chada Marg, Noida-317826"
3.34E+11,Ravi Shekhar,7.44E+11,9192190575,"H.No. 77, Chada Marg, Noida-317826"
3.34E+11,Komal Agrawal,6.68E+11,9496395041,"H.No. 40, Nagar Zila, Panipat-840082"
3.34E+11,Nandita Das,7.73E+11,9830879025,"H.No. 40, Nagar Zila, Panipat-840082"
3.34E+11,Kamal Kishore,4.92E+11,9316809544,"H.No. 40, Nagar Zila, Panipat-840082"
3.34E+11,Mahima Gupta,4.41E+11,9873297406,"H.No. 40, Nagar Zila, Panipat-840082"
3.34E+11,Ravi Chandra,7.41E+11,9177758117,"H.No. 40, Nagar Zila, Panipat-840082"
3.34E+11,Vikram Malhotra,9.95E+11,9955949144,"05, Atwal Road, Shahjahanpur 189982"
3.34E+11,Vivek Ranjan,3.03E+11,9681865866,"05, Atwal Road, Shahjahanpur 189982"
3.34E+11,Ritika Sharma,3.04E+11,9847554345,"05, Atwal Road, Shahjahanpur 189982"
3.34E+11,Anurag Joshi,1.14E+11,9628624303,"05, Atwal Road, Shahjahanpur 189982"
3.34E+11,Mahima Gupta,4.41E+11,9873297406,"05, Atwal Road, Shahjahanpur 189982"
3.34E+11,Nisha Gupta,9.56E+11,9196526446,"86, Handa Path, Hospet-456628"
3.34E+11,Pratyush Ranjan,3.97E+11,9438725786,"86, Handa Path, Hospet-456628"
3.34E+11,Amitabh Roy,8.04E+11,9691490944,"86, Handa Path, Hospet-456628"
3.34E+11,Meera Iyer,3.76E+11,9210616958,"86, Handa Path, Hospet-456628"
3.34E+11,Geetha Krishnan,2.05E+11,9548712971,"86, Handa Path, Hospet-456628"
3.34E+11,Ritu Choudhary,9.40E+11,9943820060,"30, Pau Road, Ongole-500333"
3.34E+11,Chirag Desai,7.29E+11,9569513332,"30, Pau Road, Ongole-500333"
3.34E+11,Vikram Malhotra,9.95E+11,9955949144,"30, Pau Road, Ongole-500333"
3.34E+11,Sharvani Nair,6.63E+11,9414925410,"30, Pau Road, Ongole-500333"
3.34E+11,Ritika Sharma,9.30E+11,9522989427,"30, Pau Road, Ongole-500333"
3.34E+11,Yashwant Reddy,7.33E+11,9274461920,"276, Verma Marg, Chittoor 497017"
3.34E+11,Kamal Kishore,4.92E+11,9316809544,"276, Verma Marg, Chittoor 497017"
3.34E+11,Anupam Pandey,6.28E+11,9504868138,"276, Verma Marg, Chittoor 497017"
3.34E+11,Pratyush Ranjan,3.97E+11,9438725786,"276, Verma Marg, Chittoor 497017"
3.34E+11,Tanmay Naik,7.99E+11,9642243930,"276, Verma Marg, Chittoor 497017"
3.33E+11,Nirmal Kumar,6.88E+11,9190014837,"70/24, Batra Road, Malda-167350"
3.33E+11,Aparna Sinha,6.01E+11,9571214313,"70/24, Batra Road, Malda-167350"
3.33E+11,Nirmal Kumar,6.54E+11,9343437870,"70/24, Batra Road, Malda-167350"
3.33E+11,Ajay Mahajan,9.63E+11,9865194047,"70/24, Batra Road, Malda-167350"
3.34E+11,Harsha Narayan,9.75E+11,9437528570,"47, Sridhar Chowk, Panihati-589430"
3.34E+11,Ramya Natarajan,2.87E+11,9113546929,"47, Sridhar Chowk, Panihati-589430"
3.34E+11,Komal Agrawal,6.21E+11,9274974007,"47, Sridhar Chowk, Panihati-589430"
3.34E+11,Anupam Pandey,6.28E+11,9504868138,"47, Sridhar Chowk, Panihati-589430"
3.34E+11,Gaurav Tiwari,4.84E+11,9895778872,"47, Sridhar Chowk, Panihati-589430"
3.33E+11,Jeevan Pillai,3.98E+11,9343121356,"311, Baria Chowk, Kozhikode 604660"
3.33E+11,Geetha Krishnan,3.36E+11,9925868472,"311, Baria Chowk, Kozhikode 604660"
3.33E+11,Devendra Malhotra,5.91E+11,9609848164,"311, Baria Chowk, Kozhikode 604660"
3.33E+11,Ramya Natarajan,2.87E+11,9113546929,"311, Baria Chowk, Kozhikode 604660"
3.33E+11,Ramesh Babu,2.74E+11,9815440907,"311, Baria Chowk, Kozhikode 604660"
3.34E+11,Anjali Bose,4.77E+11,9156095134,"H.No. 20, Nagi Ganj, Haridwar 913155"
3.34E+11,Rahul Prasad,8.86E+11,9507868547,"H.No. 20, Nagi Ganj, Haridwar 913155"
3.34E+11,Anupam Pandey,6.28E+11,9504868138,"H.No. 20, Nagi Ganj, Haridwar 913155"
3.34E+11,Ramesh Babu,2.74E+11,9815440907,"H.No. 20, Nagi Ganj, Haridwar 913155"
3.34E+11,Kiran Joshi,2.48E+11,9512226039,"H.No. 20, Nagi Ganj, Haridwar 913155"
3.34E+11,Monica Das,9.28E+11,9912410957,"01, Singhal, Bhalswa Jahangir Pur 303785"
3.34E+11,Nirmal Kumar,6.54E+11,9343437870,"01, Singhal, Bhalswa Jahangir Pur 303785"
3.34E+11,Kamal Kishore,2.39E+11,9728466119,"01, Singhal, Bhalswa Jahangir Pur 303785"
3.34E+11,Komal Agrawal,6.68E+11,9496395041,"01, Singhal, Bhalswa Jahangir Pur 303785"
3.33E+11,Tanmay Naik,7.99E+11,9642243930,"36/81, Kapur Chowk, Bardhaman-005263"
3.33E+11,Alok Mehta,1.42E+11,9422605430,"36/81, Kapur Chowk, Bardhaman-005263"
3.33E+11,Tanya Bhardwaj,2.23E+11,9908564235,"36/81, Kapur Chowk, Bardhaman-005263"
3.33E+11,Ravi Varma,2.71E+11,9632609500,"36/81, Kapur Chowk, Bardhaman-005263"
3.33E+11,Vinod Menon,9.21E+11,9133492060,"H.No. 583, Jayaraman Chowk, North Dumdum 956961"
3.33E+11,Mahima Gupta,1.40E+11,9708535183,"H.No. 583, Jayaraman Chowk, North Dumdum 956961"
3.33E+11,Yashwant Reddy,1.67E+11,9240750614,"H.No. 583, Jayaraman Chowk, North Dumdum 956961"
3.33E+11,Sanjay Gupta,4.70E+11,9639914662,"H.No. 583, Jayaraman Chowk, North Dumdum 956961"
3.34E+11,Ritu Choudhary,1.26E+11,9628189538,"44, Thakkar Circle, Bhalswa Jahangir Pur-284092"
3.34E+11,Ramya Natarajan,7.08E+11,9100126921,"44, Thakkar Circle, Bhalswa Jahangir Pur-284092"
3.34E+11,Ramesh Choudhary,7.13E+11,9138599290,"44, Thakkar Circle, Bhalswa Jahangir Pur-284092"
3.34E+11,Tarun Verma,1.85E+11,9140930561,"44, Thakkar Circle, Bhalswa Jahangir Pur-284092"
3.33E+11,Namrata Joshi,2.70E+11,9504512623,"120, Dar Nagar, Rajkot 556468"
3.33E+11,Asha Bhat,2.41E+11,9279025948,"120, Dar Nagar, Rajkot 556468"
3.33E+11,Sandeep Menon,5.40E+11,9449787505,"120, Dar Nagar, Rajkot 556468"
3.33E+11,Sanjay Gupta,7.96E+11,9935992212,"120, Dar Nagar, Rajkot 556468"
3.33E+11,Ravi Varma,7.59E+11,9393479975,"120, Dar Nagar, Rajkot 556468"
3.34E+11,Anurag Joshi,8.36E+11,9119148314,"38, Pillai Chowk, Kavali 575288"
3.34E+11,Vineet Kumar,2.62E+11,9625475796,"38, Pillai Chowk, Kavali 575288"
3.34E+11,Harsha Narayan,9.75E+11,9437528570,"38, Pillai Chowk, Kavali 575288"
3.34E+11,Juhi Saxena,8.81E+11,9581644770,"38, Pillai Chowk, Kavali 575288"
3.33E+11,Anand Iyer,2.80E+11,9810976549,"38/687, Chaudhari Zila, New Delhi-110878"
3.33E+11,Juhi Saxena,8.81E+11,9581644770,"38/687, Chaudhari Zila, New Delhi-110878"
3.33E+11,Shalini Kapoor,1.49E+11,9644464499,"38/687, Chaudhari Zila, New Delhi-110878"
3.33E+11,Shanvika Reddy,2.84E+11,9321945238,"38/687, Chaudhari Zila, New Delhi-110878"
3.33E+11,Pooja Mehta,2.69E+11,9665191871,"38/687, Chaudhari Zila, New Delhi-110878"
3.34E+11,Sandeep Menon,5.40E+11,9449787505,"H.No. 341, Shanker Street, Chapra 691707"
3.34E+11,Sunil Chawla,8.20E+11,9779056979,"H.No. 341, Shanker Street, Chapra 691707"
3.34E+11,Gaurav Tiwari,6.12E+11,9581412021,"H.No. 341, Shanker Street, Chapra 691707"
3.34E+11,Ashwin Reddy,4.41E+11,9395761194,"H.No. 341, Shanker Street, Chapra 691707"
3.33E+11,Anurag Joshi,1.14E+11,9628624303,"703, Bhargava, Agartala-287985"
3.33E+11,Karthika Menon,3.76E+11,9362097810,"703, Bhargava, Agartala-287985"
3.33E+11,Shubham Chauhan,4.07E+11,9548677748,"703, Bhargava, Agartala-287985"
3.33E+11,Anand Iyer,7.61E+11,9968877835,"703, Bhargava, Agartala-287985"
3.33E+11,Sanjay Gupta,4.70E+11,9639914662,"703, Bhargava, Agartala-287985"
3.34E+11,Himanshi Gupta,4.78E+11,9353714831,"22/77, Sabharwal Circle, Kadapa 184223"
3.34E+11,Vivek Ranjan,3.03E+11,9681865866,"22/77, Sabharwal Circle, Kadapa 184223"
3.34E+11,Ritika Sharma,3.04E+11,9847554345,"22/77, Sabharwal Circle, Kadapa 184223"
3.34E+11,Anurag Joshi,1.14E+11,9628624303,"22/77, Sabharwal Circle, Kadapa 184223"
3.34E+11,Aditi Sinha,1.61E+11,9716281276,"H.No. 06, Shroff Nagar, Mango 453792"
3.34E+11,Ramya Natarajan,7.08E+11,9100126921,"H.No. 06, Shroff Nagar, Mango 453792"
3.34E+11,Shalini Kapoor,5.03E+11,9997983643,"H.No. 06, Shroff Nagar, Mango 453792"
3.34E+11,Vikash Anand,2.19E+11,9793195063,"H.No. 06, Shroff Nagar, Mango 453792"
3.34E+11,Tarun Verma,2.48E+11,9554755078,"H.No. 06, Shroff Nagar, Mango 453792"
3.34E+11,Nandita Das,5.92E+11,9766978942,"H.No. 73, Sabharwal Road, Bellary 084093"
3.34E+11,Mahima Gupta,8.07E+11,9880015171,"H.No. 73, Sabharwal Road, Bellary 084093"
3.34E+11,Ravi Varma,9.74E+11,9686657221,"H.No. 73, Sabharwal Road, Bellary 084093"
3.34E+11,Mahima Gupta,2.59E+11,9419634616,"H.No. 73, Sabharwal Road, Bellary 084093"
3.34E+11,Pooja Mehta,2.69E+11,9665191871,"H.No. 203, Pradhan, Gandhinagar-243503"
3.34E+11,Ramya Natarajan,7.08E+11,9100126921,"H.No. 203, Pradhan, Gandhinagar-243503"
3.34E+11,Sharvani Nair,9.34E+11,9660878147,"H.No. 203, Pradhan, Gandhinagar-243503"
3.34E+11,Harshita Saxena,5.80E+11,9464446700,"H.No. 203, Pradhan, Gandhinagar-243503"
3.34E+11,Vidya Nambiar,2.74E+11,9570717315,"56, Sant Nagar, Srikakulam 044141"
3.34E+11,Nirmal Kumar,6.88E+11,9190014837,"56, Sant Nagar, Srikakulam 044141"
3.34E+11,Jitendra Pandey,1.87E+11,9418864966,"56, Sant Nagar, Srikakulam 044141"
3.34E+11,Ramya Natarajan,2.87E+11,9113546929,"56, Sant Nagar, Srikakulam 044141"
3.34E+11,Aditi Sinha,4.52E+11,9164942829,"78/848, Tiwari Street, Buxar 813934"
3.34E+11,Meera Iyer,1.79E+11,9677465908,"78/848, Tiwari Street, Buxar 813934"
3.34E+11,Karthika Menon,3.76E+11,9362097810,"78/848, Tiwari Street, Buxar 813934"
3.34E+11,Karthika Menon,7.96E+11,9920667388,"78/848, Tiwari Street, Buxar 813934"
3.34E+11,Madhavi Reddy,1.23E+11,9979149193,"90/745, Choudhary Marg, Nangloi Jat 503289"
3.34E+11,Bhavna Patel,4.04E+11,9552573521,"90/745, Choudhary Marg, Nangloi Jat 503289"
3.34E+11,Vinod Menon,9.21E+11,9133492060,"90/745, Choudhary Marg, Nangloi Jat 503289"
3.34E+11,Anurag Joshi,5.40E+11,9749925001,"90/745, Choudhary Marg, Nangloi Jat 503289"
3.34E+11,Geetha Krishnan,2.05E+11,9548712971,"H.No. 932, Sarraf Chowk, Chandrapur-703439"
3.34E+11,Vikram Malhotra,9.95E+11,9955949144,"H.No. 932, Sarraf Chowk, Chandrapur-703439"
3.34E+11,Sandeep Menon,4.30E+11,9370362902,"H.No. 932, Sarraf Chowk, Chandrapur-703439"
3.34E+11,Himanshi Gupta,4.59E+11,9491405559,"H.No. 932, Sarraf Chowk, Chandrapur-703439"
3.34E+11,Amitabh Roy,8.04E+11,9691490944,"16/41, Bali Circle, Bharatpur 516824"
3.34E+11,Yamini Rao,7.38E+11,9336738358,"16/41, Bali Circle, Bharatpur 516824"
3.34E+11,Ramesh Choudhary,7.13E+11,9138599290,"16/41, Bali Circle, Bharatpur 516824"
3.34E+11,Tanmay Naik,7.99E+11,9642243930,"16/41, Bali Circle, Bharatpur 516824"
3.34E+11,Pankaj Dubey,5.70E+11,9932663134,"16/41, Bali Circle, Bharatpur 516824"
3.34E+11,Jitendra Pandey,1.91E+11,9682186256,"68/349, Saxena Marg, Tirunelveli-265904"
3.34E+11,Mahima Gupta,2.59E+11,9419634616,"68/349, Saxena Marg, Tirunelveli-265904"
3.34E+11,Akash Malhotra,4.65E+11,9635658456,"68/349, Saxena Marg, Tirunelveli-265904"
3.34E+11,Venu Gopal,3.48E+11,9683855786,"68/349, Saxena Marg, Tirunelveli-265904"
0.00E+00,Prakash S,1.25E+02,9003218977,"16/41, Bali Circle, Bharatpur 516824"
0.00E+00,Malar,2.00E+00,9047937507,"16/41, Bali Circle, Bharatpur 516824"
1.12E+03,Meganathan,4.07E+11,8072593510,"59, Chaudry, Amaravati 024175"
1.12E+03,Hemanath,5.91E+11,8838088064,"H.No. 590, Sahota Ganj, Kakinada-692138"
1.12E+03,Manoj,9.00E+00,8438670775,"H.No. 590, Sahota Ganj, Kakinada-692138"
